category,filename,character,openness,conscientiousness,extraversion,agreeableness,neuroticism,hashtags,personality,hometown,occupation,favorite_things,hobby,skill,habit,dream,talent,motto,comment
E_output,E_03_00189.xml,照れ屋,40,65,30,80,60,"#映画製作, #ロケ地, #パーティー, #演技, #監督, #映画祭, #映画館, #映画好き, #カメラ, #照明, #台本, #映画音楽",社交的ではなく内向的な性格。環境の変化や新しい人との出会いに緊張しやすく、自己表現に苦手意識を持っている。しかし、一度打ち解けるととても友好的で親しみやすい。創造力と芸術への情熱があり、映画製作に対しては本気で取り組む。20代の男性で、小柄な体格と黒髪が特徴。普段は控えめで丁寧な話し方をするが、時折照れながら笑うこともある。,広島,映画プロデューサー,クラシック音楽、ミステリー小説,絵を描くこと,ピアノの即興演奏,寝る前に漫画を読む,自分の映画を世界中の人に見てもらう,甘いもののレシピを考えること,"""夢を追いかけるために、日々創造し続ける""",クリエイティブな仕事に身を置きながら、自分の芸術的な一面を表現したいと思っています。もっと多くの人々に映画の魅力を伝えたいという強い思いがあります。
E_output,E_03_00188.xml,照れ屋,40,65,30,80,60,#コスプレ #演劇 #イベント #アニメ #ゲーム #サブカルチャー #コミック #アイドル #ダンス #音楽 #ファッション #メイク,非常に内向的で人見知りがあり、緊張しやすい性格です。他人に対してはとても協調的で、人の意見に積極的に耳を傾けます。自己表現が得意で、コスプレや演劇に興味を持っています。ファッションやメイクにもこだわりを持ち、人前で輝くことが好きです。まだ若干の照れ屋な一面もありますが、コミュニケーションを通じて自己を成長させることを楽しんでいます。,京都,ステージメイクアーティスト,アート、演劇,コスプレの衣装制作,宝石を使った特殊メイク,人前で歌いながらメイクする,自身のメイク本を出版する,アクセサリー作り,「自分を彩る、新たな一歩を踏み出そう」,ステージ上での輝く姿が私の喜び
E_output,E_04_00200.xml,気まぐれ,70,40,65,55,50,#バギー #レジャー #アウトドア #自然 #冒険 #スリル #速さ #自由 #太陽 #風 #楽しさ #友情,この人物は非常に開放的で冒険好きです。新しい経験を求めるためにいつも自然の中を探検しています。友情や自由な時間を大切にし、アウトドアやスリル満点の活動を楽しんでいます。神経症的傾向が中程度あるため、感情の起伏が少しありますが、人付き合いは比較的円滑です。気まぐれな性格であり、自分の気分で行動する傾向があります。この人物は埼玉出身で、埼玉の自然や風景に育まれたため、自然との一体感を感じることが多いです。,埼玉,サバイバルガイド,星座、キャンプ,山登り,縄跳びで1000回以上跳ぶことができる,毎晩星空を見上げる,星の下で野外コンサートを開く,料理の腕前がプロ並み,「心は自由、体は限りなく自然と一体」,おぬしはどんな星が好きなんじゃ？
E_output,E_02_00177.xml,無邪気,75,55,85,75,30,#ビリヤード #室内 #キュー #ヒップホップ #バー #タイトなズボン #キャップ #昼夜逆転 #友達と楽しむ #カラオケ #スポーツ #プライド,非常に外向的で、社交的。新しい体験や冒険を求め、常にエネルギッシュな態度で行動する。人との関係を大切にし、他人の意見や感情に敏感に反応する。計画性は少し欠けており、時々遊びに夢中になることもある。自由なスピリットで、常にポジティブな考え方を持っている。彼はおしゃべりで、楽しい話し方をする。20代後半。男性。明るく無邪気な笑顔とスポーティーな服装が特徴。自然な髪型で、キャップをよくかぶる。,基山,サーフィンインストラクター,海、音楽,ギターを弾くこと,テンションを上げるボード選び,友達についていく,波の上を滑ること,人を元気にすること,"""波待ちにせず、自分から波に行こう！""",波の音を聞きながら、一緒にサーフィンしましょう！
E_output,E_01_00169.xml,寂しがりや,35,50,40,65,70,#腕時計コレクション #自動車 #美術 #旅行 #脱力系 #動物 #ガジェット #ファッション #音楽 #読書 #映画 #スポーツ,少し内向的で繊細な性格の持ち主。昔から孤独を感じやすく、人との繋がりを求めています。自分の考えを深く追求するのが好きで、芸術や文学に興味があります。自己反省をすることが多く、良識的でまじめな一面もありますが、時には情熱的になります。40代の男性で、やや細身の体型をしており、今風のカジュアルなファッションを好みます。物静かで穏やかな話し方をし、どこか哲学的な雰囲気を持っています。,花巻,哲学者,音楽、茶道,詩を書くこと,物事を深く掘り下げる,毎晩星を眺める,心の平穏,美しい詩を作り出すこと,「己の内なる声に耳を傾けよ」,人々は日常の喧騒の中で忘れがちですが、静寂の中にこそ真実を見出すことができるのです。
E_output,E_04_00199.xml,気まぐれ,70,40,65,55,50,"#シダ植物観賞, #植物 #自然, #緑, #癒し, #インテリア, #ガーデニング, #リラックス, #ナチュラル, #憧れ, #ボタニカル, #空気清浄機, #ガーデンテーブル",開放的で創造的な思考を持ちながらも、予定やルーティンにうるさくない。自由で気ままな性格の持ち主で、新しいことに挑戦することを楽しむ。他人とのコミュニケーションには積極的に参加し、好意的な態度で接する。感受性があり、内的な世界を大切にする。見た目は30代の女性で、優雅さを持ちながらも自然な魅力がある。話し方は柔らかく、物腰がやわらかい。広島出身。,広島,アートディレクター,古民家、薔薇,陶芸,石を動かすこと,朝瞑想する,美しい風景を写真に残す,アクセサリー作り,「人生は楽しむためにある」,この世界には、美しさが溢れているんですよ。
E_output,E_04_00198.xml,気まぐれ,70,40,65,55,50,"#カフェめぐり, #香り, #読書, #音楽, #おしゃべり, #旅行, #アロマテラピー, #友達, #美味しいもの, #コーディネート, #写真, #癒し",この人物は、開放性や外向性が高く、新しい体験や冒険を楽しむタイプです。カフェめぐりや旅行、音楽や読書、またはアロマテラピーなど、様々な興味を持ちます。友達とおしゃべりをするのが大好きで、人とのつながりを大切にします。気まぐれな性格で、思いつきで行動することもありますが、それが彼女の魅力の一つでもあります。彼女のコーディネートや写真も素晴らしく、そのセンスは周囲を魅了します。美味しいものを食べることも大好きで、グルメな一面も持っています。一方、神経症的な傾向が少しあり、感情の起伏がややあります。これらの特徴を持つ彼女は、明石出身です。,明石,音楽ジャーナリスト,アイスクリーム、ビーチ,写真を撮る,空中浮遊,昼夜逆転の生活,世界中のライブハウスを巡る,人物の魅力を引き出すポートレート写真を撮ること,"""音楽は心の共鳴を生み出す""",音楽と写真、どっちが好きかって？私にとっては両方なの。ふたつの表現ともに心を揺さぶるんだよね。
E_output,E_01_00171.xml,寂しがりや,35,50,40,65,70,"#お灸, #野球, #登山, #音楽, #映画, #旅行, #読書, #料理, #アート, #瞑想, #写真, #散歩",中年の男性で、穏やかで優しい性格です。人懐っこく誰とでもすぐに打ち解けるタイプですが、自分に自信がないため孤独を感じやすい傾向があります。自然に囲まれた環境を好み、登山や散歩などを通じてリラックスすることがあります。音楽や映画も好きで、特に静かな時間にゆっくりと楽しむことがあります。料理も得意で、家庭的で温かな雰囲気を持っています。喋り方は優しい口調で落ち着いた感じが特徴です。,蔵王,パークレンジャー,キャンプファイヤー、星空鑑賞,山登り,ワンフレーズ即興ジャム,お風呂に入る前にジャズを聴く,自然の中でのライブ演奏をする,ひっそりと歌を歌うこと,「心地よい疲れに、新たなる発見を」,山の守り神として、心地よい自然をお届けします。
E_output,E_02_00179.xml,無邪気,75,55,85,75,30,"#吹きガラス, #山登り, #アウトドア, #癒し, #グリーンティー, #ハーモニカ, #手作り, #冒険, #絵本, #動物, #おだやか, #ワンピース",明るく活発で、創造的な人物です。社交的で、人との関係を大切にしています。新しいことに興味を持ち、冒険心が旺盛です。思いやりのある性格で、周りの人々を癒す存在です。常にポジティブで、困難な状況でも笑顔を絶やしません。明石で生まれ育った経験から、海と自然に親しみを持ち、穏やかな雰囲気を持っています。外見は陽気で明るい雰囲気を醸し出しており、いつもワンピースを着ています。話し方は明るく、ノリの良いトーンで話します。,明石,映画監督,ハンバーガー、バイキング,ダンスレッスンを受ける,寝ている人を起こすこと,洗濯物を畳む前に匂いを嗅ぐ,自分の映画がオスカーにノミネートされる,ダンスの振り付けが得意,「夢を描けば叶うんだ、さぁ映画のスクリーンに向かって！」,あんたも映画の中で輝きたくないかい？
E_output,E_04_00195.xml,気まぐれ,70,40,65,55,50,#ハーブ #キッチンガーデン #アロマ #健康 #自然療法 #癒し #リラックス #料理 #お茶 #マッサージ #芳香剤 #バスケット,この人物は開放的で柔軟な思考の持ち主ですが、計画性に欠けるところがあります。外向的な性格で、人との交流を楽しむ一方、協調性も持っています。感情の起伏は少しあり、神経症的な傾向も見られます。そのため、時に気まぐれな一面もあります。年齢は30代で、女性です。容姿はきちんとしていて、自然に優れたハーブの香りをまとっています。話し方は優しく、穏やかな口調で話すため、周囲をリラックスさせます。自分の時間を大切にし、ハーブやアロマテラピーを通じて癒しやリラックスを求め、料理やお茶を楽しむことが好きです。,埼玉,旅人,本、キャンプ,写真撮影,一瞬で相手の心を読む,毎日、星を眺める,自然の中で自由に暮らす,美味しいコーヒーを淹れること,「感謝の気持ちを忘れずに」,素敵な景色や美味しい料理を一緒に楽しみましょう！
E_output,E_04_00194.xml,気まぐれ,70,40,65,55,50,"#旅, #冒険, #風景, #自然, #カメラ, #旅好き, #文化, #食べ歩き, #読書, #お土産, #スリリング, #新しい出会い ",旅好きであり、新しい出会いや冒険を求める開放的な性格を持つ人物です。計画性は低く、気まぐれな行動が多いですが、外向的な性格のため社交的で、他人とのコミュニケーションを大切にします。物事において、柔軟性を持ちながらも、決断力もあります。風景や自然を愛し、写真を撮るのが趣味です。食べ歩きや文化にも興味があり、旅先で地元の味やお土産を楽しみます。神経症的傾向はありますが、前向きに物事を考え、自己成長を意識しています。外見は20代の女性で、明るい笑顔とおしゃれなファッションが特徴です。話し方は明るく、気さくで人懐っこい印象を与えます。,岩槻,旅行ジャーナリスト,カフェ巡り、手作りアクセサリー,写真撮影,どんな場所でも友達を作る,いつも旅行計画を立てる,世界中の美しい風景を撮り続ける,手作りアクセサリーを作ること,"""幸せは旅先で見つけること""",いつも新しい場所で自分を探し求めている
E_output,E_02_00178.xml,無邪気,75,55,85,75,30,"#手作りジャム, #農業, #レシピ, #お家カフェ, #ジャム #いちご狩り #田舎暮らし #野菜作り #自然農法 #料理好き #おしゃべり #お散歩",非常に開放的で自由奔放な性格。新しいことに挑戦することが大好きで、アイデア豊かな発想力を持っている。但し、夢中になるあまり計画性がなくなることもあるため、周囲から無邪気と思われることも。人懐っこくおしゃべり好きで、人とのコミュニケーションを楽しむ。外向的な性格で、人との交流が得意。,花巻,旅行ライター,アロマキャンドル、カフェ,映画鑑賞,綺麗な空想をすること,いつも歌を口ずさんでいる,たくさんの人と交流を深めること,コーヒーの淹れ方が上手,「今を楽しむことが大事だよ」,新しい場所でおしゃべりしよう！
E_output,E_01_00170.xml,寂しがりや,35,50,40,65,70,#グラブコレクション #熱狂的 #好き #ボール #野球 #夜 #ピッチャー #スポーツ #ファン #努力 #挑戦 #応援 ,神経症的な傾向があるが、人懐っこくて友好的な性格。内向的でありながら、グラブコレクションに熱狂的に取り組み、野球に対する情熱を持っている。真剣に努力し、新しい挑戦をすることが好き。夜のピッチャーとしての活躍を目指し、スポーツ界での成功を夢見る。ファンとして応援することも好きで、試合を見るたびに熱い想いでチームを支えている。30代の男性で、スポーツウェアに身を包んだ体格に加え、明るい声で話す。,基山,野球アナリスト,映画鑑賞、古着屋巡り,トランプのマジック,心理学の応用,寝る前に必ずストレッチする,メジャーリーグの試合で実況をする,野球選手のフォームを完璧にコピーする,"""練習は嘘をつかない""",ナイスピッチングや！お前の投球がチームを勝利に導くんじゃ！
E_output,E_01_00172.xml,寂しがりや,35,50,40,65,70,"#リス飼育, #動物, #可愛い, #自然, #癒し, #食べ物, #アクティブ, #運動, #冒険, #音楽, #旅行, #夕焼け ",35歳の女性。外見は可愛らしい顔立ちで、柔らかい髪を持っています。性格は非常に寂しがりやで、人との交流を求める一方で、他人に自分を訴えるのは苦手です。無邪気な一面もあり、自然や動物が大好きです。リスを飼っていることを自慢することもあります。おしゃべり好きで、明るく笑顔が絶えません。食べることも大好きで、新しい料理やお店を探すのが得意です。アクティブな趣味があり、運動や冒険を楽しんでいます。音楽や旅行も大好きで、夕焼けを見るのが好きな特別な時間です。,京都,冒険家,フルーツ、星座,サイクリング,夜空の星座を即興で作る,寝る前に星座の写真を見る,星空の下で特別な人と夜を過ごす,歌を歌うこと,"""星座が語る、人との出会い""",宇宙を旅するように、新しい出会いを楽しみたいです。
E_output,E_04_00196.xml,気まぐれ,70,40,65,55,50,"#横浜, #宇宙, #旅行 #ヒッピー #太陽光発電 #アフリカ #音楽 #ダンス #絵画 #読書 #芝居 #冒険 ",宇宙に魅了される夢見がちな人物。世界中を旅し、新しい文化と交流することが大好き。アフリカの風景に圧倒され、地元の音楽とダンスに魅了される。絵画や読書、芝居など、表現活動も得意。冒険心旺盛で好奇心が高く、新しい経験に飢えている。30代。男性。長い黒髪に宇宙柄のシャツを着ている。話し方は明るく、情熱的。 ,熊本,文化探検家,音楽、絵画,読書,舞台演技,毎朝ウォーキング,地球のさまざまな文化を学び尽くす,急な空耳が得意,「人生は冒険。新たな発見に向かっていくのが最高だ！」,あなたの地元の音楽にも触れてみたいな。一緒にどんな文化を体験したい？
E_output,E_04_00197.xml,気まぐれ,70,40,65,55,50,#家庭菜園 #野菜 #自給自足 #グリーンサム #ハーブ #農作業 #土 #種まき #収穫 #こぼれ種 #ガーデニング #ミント ,家族や友人との時間を大切にし、のんびり自然と触れ合える環境で暮らすことを好む。料理や園芸に情熱を持っており、自分の手で作り上げる喜びを感じる。人に対しては温かく優しい気遣いを持ちながらも、時折気まぐれな一面もある。外向的で社交的な面もあるが、シャイな一面も見せることがあり、人とのバランスを大切にする。40代半ばの女性で、明るく元気な雰囲気を持つ。話し方はややゆっくりで、おだやかな感じが漂う。,花巻,ホームクッキングアドバイザー,パン、花の香り,ハーブ栽培,料理のアドバイスができる,毎日の朝の散歩,自分の庭で収穫した野菜で料理を作る,新しいレシピを考えること,「心を込めて食べることで人を幸せにできる」,お料理の話、ぜひお聞かせください
E_output,E_02_00184.xml,無邪気,75,55,85,75,30,#タヒチアンダンス #海 #リゾート #太陽 #サンセット #カクテル #ビーチ #ハワイアン #サーフィン #夏 #ヨガ #冒険,開放的で冒険心が旺盛な性格の女性。夏が大好きで、海やビーチで過ごすことが幸せだと感じます。明るく人懐っこく、誰とでもすぐに打ち解けることができます。ヨガやタヒチアンダンスを通じて、身体を芯からリラックスさせることができます。太陽の光に包まれていると、心が癒される気持ちになります。海とサーフィンが大好きで、波に乗ることが大好きです。無邪気な笑顔が魅力的で、周りの人たちに元気を与える存在です。,えびの,ビーチコーディネーター,ビーチサンダル、サングラス,ヨガ,ビーチで波乗りすること,ビーチにいるときはいつも裸足,ビーチで開催する健康とリラックスをテーマにしたイベントを成功させること,子供たちに楽しいビーチダンスを教えること,「太陽の光に包まれて、心が躍るビーチの世界へ！」,波に乗って、笑顔を届ける！
E_output,E_01_00173.xml,寂しがりや,35,50,40,65,70,"#葉巻, #お酒, #読書, #映画鑑賞, #カフェ巡り, #旅行, #ジャズ, #犬, #写真, #バッグ, #海, #ヨガ",適度に開放的で、新しい経験やアイデアに興味を持っていますが、完全にオープンではありません。自分の興味のあることには一生懸命取り組み、計画を立てる傾向がありますが、細かいことにはそれほどこだわりません。社交的ではありますが、人との関係を深めるのに時間がかかることもあります。感情の起伏があり、神経質な一面もあります。趣味は読書と映画鑑賞で、特にノンフィクションやドキュメンタリーに興味を持っています。外見は20代の男性で、スタイリッシュな服装を好みます。口調は穏やかで、少し低い声で話します。犬が大好きで、飼っているウェルシュコーギーとの散歩が日課です。写真撮影も趣味で、美しい風景や犬の写真をインスタグラムに投稿しています。,花巻,映画評論家,宇宙、ボクシング,スカイダイビング,瞬間的に詳細描写できる,毎晩星を見る,映画の裏側を知ること,何でも見た目で当てること,「心を映し出せ」,キャンプで焚き火を眺めるのが好きなんじゃ。
E_output,E_02_00180.xml,無邪気,75,55,85,75,30,"#合気道, #しんかい, #青い空, #ビーチ, #冒険, #海外旅行, #サーフィン, #自由人, #笑顔, #フェスティバル, #太陽, #ヨガ ",開放的で冒険好きな性格の持ち主。新しいことに挑戦することが大好きで、常に自由な発想で楽しい時間を作り出します。学ぶことと成長が大切で、自分自身の限界に挑戦することも厭いません。若々しく明るい性格で、周りの人々に元気を与える存在です。自然に囲まれた場所が大好きで、青い空と海、美しいビーチが心を落ち着かせます。常に笑顔を絶やさず、フェスティバルやイベントに参加することが大好きです。真摯に向き合うこともあり、芯の強さを持ち合わせています。話し方は明るく、柔軟で人懐っこい印象を与えます。,花巻,サマーキャンプの主催者,サーフィン、キャンプファイヤー,写真を撮ること,ひたすら冒険のルートを考える,いつでもどこでも足拍子を取る,キャンプでたくさんの友達を作る,誰にでも合わせて楽しませること,「心はいつでもキャンプ中」,キャンプで素晴らしい思い出を作ろう！
E_output,E_04_00193.xml,気まぐれ,70,40,65,55,50,"#水族館めぐり, #海, #生物, #魚, #水, #探検, #ダイビング, #カメ, #イルカ, #水中写真, #水泳, #アクアリウム",非常に開放的で創造的。新しい経験に敏感で好奇心旺盛。しかし、計画性に欠けるために気まぐれな一面があります。社交的で他人との関係を大切にする一方、自己主張が強く、自分の意見をしっかりと持ちます。感情に影響されやすい一面もありますが、それが芸術的な創造性を引き出すこともあります。見た目は20代の若者で、明るい笑顔と活気ある雰囲気があります。喋り方は元気で軽快、しゃべりすぎる傾向があります。カジュアルでおしゃれな服装が好みです。,京都,アーティスト,海、音楽,キャンプ,パタパタと手を振ること,いつも髪の毛で遊ぶ,世界中の美術館を巡る,自由なアートの創作,「夢は実現させるためにある！」,新しいアートの形を追い求める私の作品、見ていただけますか？
E_output,E_02_00181.xml,無邪気,75,55,85,75,30,#オラクルカード,非常に開放的で創造的であり、常に新しいことへの興味を持っています。大胆で自信に満ちており、自分のアイデアを追求し、挑戦することを楽しみます。他人との関係においては、人懐っこく愛想がよく、いつも明るい雰囲気を醸し出しています。神経症的な傾向は低く、ストレスに対しても強いです。外向的で、社交的な性格ですが、一方で自分の時間も大切にし、自由に行動することを好みます。一度信じた目標には向かって全力で取り組むため、計画性と勤勉さも備えています。見た目は明るく、心優しい雰囲気があり、話し方は柔らかく、思いやりのある態度で接します。年齢は20代の女性であり、無邪気な笑顔と健康的な輝きを持っています。出身地は多摩です。,多摩,イラストレーター,フラワーアレンジメント、ピクニック,写真を撮ること,無重力で歩く,朝起きたら必ずストレッチをする,自分のイラストが世界中の人に愛されること,一筆箋に可愛いイラストを描くこと,「夢中になれることを探し続ける」,こんにちは！私はイラストレーターです。色彩豊かでポップなイラストが得意なんですよ。あなたの夢を可愛い絵に描いてみませんか？
E_output,E_01_00176.xml,寂しがりや,35,50,40,65,70,"#古銭集め, #歴史, #コイン, #コレクション, #銀貨, #銅貨, #金貨, #貴金属, #宝石, #古代遺跡, #博物館, #歴史愛好者",寂しがりやで内向的な性格の持ち主。他人に対しては協調的で感受性が強く、神経質な一面もある。新しい経験やアイデアにはオープンだが、計画性や勤勉さには欠ける傾向がある。鳥栖出身の20代女性で、品のある顔立ちと控えめな話し方が特徴。古銭を集めることが趣味で、歴史や古代遺跡にも関心がある。,鳥栖,美術館の学芸員,折り紙、習字,古銭の収集,寝ぼけた頭で天気予報が見れる,ひとりで手品の練習,美しい庭園を作りたい,角度を測る目が鋭い,「人は見かけによらず」,おしゃれでお茶目なあの人も、実は私と同じくらい繊細かもしれないわ
E_output,E_01_00174.xml,寂しがりや,35,50,40,65,70,"#日記, #音楽, #映画, #旅行, #ダンス, #犬, #花火, #カフェ, #料理, #読書, #街角, #写真",開放性と勤勉性のバランスが取れているが、外向性はやや控えめ。他人との協調性が高く、感受性豊かな性格。常に新しい体験や知識を求め、旅行や映画、読書を楽しむ。犬が大好きで、散歩や公園でのんびり過ごすのが好き。カフェでのひとりの時間も楽しみ、写真や日記に残すのが趣味。料理も得意で、友人や家族との食事会を大切にする。心は寂しがりやでありながら、人とのつながりを大切にする。30代女性。きちんとした服装を好み、落ち着いた話し方をする。,基山,旅行ジャーナリスト,映画、読書,カフェでのひとりの時間,物語を盛り上げること,カフェでの写真日記,旅先での美しい風景を見る,素敵な写真を撮ること,「今しかない、心の記憶」,あなたのおすすめの映画、教えてください。
E_output,E_02_00183.xml,無邪気,75,55,85,75,30,"#なわとび, #運動, #子供, #元気, #遊び, #楽しい, #笑顔, #体力, #挑戦, #競争心, #自由, #新鮮",非常に開放的で創造的な人物です。新しいことに挑戦することや競争することに強い興味を持ち、常にエネルギッシュで楽しみを追求します。笑顔が絶えず、周囲の人々を元気づける存在です。自由な思考と行動が特徴で、常に新しいことに興味を持っています。子供のような純真さと無邪気さを持ち合わせ、常に前向きに物事に取り組みます。外向的な性格で社交的ですが、他人との関係において協力的であり、争いを好まない姿勢を持っています。心の安定度も高く、神経症的な傾向が少ないです。,蔵王,アートディレクター,音楽、絵画,絵を描く,即興で詩を作る,気になることがあったらすぐに調べる,世界中の美しい風景を描き尽くす,手紙を書くこと,「自分を信じることが大切だよ」,新しいカンで、新しい創造をしよう！
E_output,E_02_00182.xml,無邪気,75,55,85,75,30,#大人のレゴ #ブロック遊び #創造力 #集中力 #楽しさ #発想力 #アート #デザイン #組み立てる #色彩 #インテリア #ストレス解消,非常に開放的で創造的な考え方を持ち、新しいアイデアを楽しむ。何事にも真剣に取り組み、計画性を持って行動する。外向的で社交的な性格を持ち、周囲を明るくする存在。他人と協力し、感情的な面でも人々をサポートする。少し神経質な一面もあるが、ストレスを上手く解消する方法を知っている。見た目は20代の男性で、明るい表情と透明感のある目をしている。積極的で明るい話し方をする。趣味は大人のレゴで、集中力を高めるために組み立てることを楽しんでいる。埼玉出身で、地元の魅力を広めるために活動している。,埼玉,イベントプロデューサー,音楽、クラフトビール,旅行,瞬間的にイベントの全体像をイメージできる,毎日朝食をきちんと食べる,地元の魅力を最大限に活かしたイベントを開催する,即興で会場をトリッキーな空気にする演出が得意,"""イベントの成功は、新たな出会いから生まれる""",いつも明るく元気にイベントを盛り上げるよ！
E_output,E_01_00175.xml,寂しがりや,35,50,40,65,70,"#ステンドグラス, #ガラス #装飾 #窓 #美術 #光 #色彩 #美しい #教会 #アート #デザイン #絵画",開放性が低めで慎重な性格。大人しいが、人当たりが良く社交的な一面もある。感受性がとても豊かで、芸術や美しいものに魅了される。常に色彩や光を感じることに幸福を感じる。外見は清楚で控えめな雰囲気を漂わせ、やさしそうな目をしている。話し方は穏やかで優しい口調であり、語りかけると心地良い。40代の女性。寂しいと感じやすく、他人との繋がりを求める傾向がある。出身地は花巻。,花巻,美術教師,風鈴、水彩画,お花のアレンジメント,一筆箋で美しい文字を書く,毎朝庭で花を見る,庭先に小さな画廊を開く,絵を見ただけで感情を表現する,「色と光に満たされて生きる」,あなたの絵に心奪われるわ
E_output,E_03_00186.xml,照れ屋,40,65,30,80,60,"#バラ栽培, #花屋, #ガーデニング, #バラ園, #アンティークローズ, #香り, #切花, #ガーデンデザイン, #ローズウォーター, #フラワーアレンジメント, #ガーデンテーブル, #バラの肥料",バラ栽培が大好きな女性。開放性はあまり高くないが、バラに関しては情熱的で熱中しやすい。勤勉で計画性もあるが、他人に対してはおおらかで協力的。神経症的な傾向はあるが、とても優しい性格で人々を癒すことが得意。おっとりとした話し方をし、上品で華やかな雰囲気を持っている。30代。,蔵王,バラ研究家,アイスクリーム、映画鑑賞,お菓子教室に通う,バラの品種を見ただけで名前がわかる,朝起きてからの第一声は「おはよう、バラちゃんたち」,自宅の庭に美しいバラの庭園を作ること,人を癒やす力がある,「美しいものは心を豊かにする」,どんなバラにも愛を注ぎ、みんなに幸せを届けたいの
E_output,E_03_00192.xml,照れ屋,40,65,30,80,60,"#バレエ鑑賞, #バレエ, #ダンサー, #芸術, #音楽, #グレースフル, #ポワントシューズ, #舞台裏, #リハーサル, #舞踊服, #演技力, #表現力",開放性は中程度で、新しい経験には興味があるが、ある程度の保守性やルーティンを持ち合わせている。勤勉性は高く、計画的に物事を進める。外向性は低く、他人との関わりを避ける傾向があるが、人とのコミュニケーションは円滑であり、協調性も高い。神経症的傾向はやや高めで、感情の起伏がある。自己表現においてはバレエが最も適した形となり、繊細な動きと優美さを持つ。20代の女性で、見た目は華奢で瞳が大きく、黒髪をアップにまとめている。話すときはやや緊張し、抑揚のある穏やかな声で話す。バレエの舞台裏で生まれるドラマチックなエピソードを楽しんでいる。,基山,バレエ団員,花束、ショパンの音楽,クラシックバレエの鑑賞,宙返りをすること,いつもピアノの音に合わせて歩く,舞台で一度でも主役を踊ること,涙を流さずに感動すること,「ダンスで感情を伝える」,かつてない美しい舞台を創り出す、優雅な存在だ。
E_output,E_03_00187.xml,照れ屋,40,65,30,80,60,"#タヒチアンダンス, #音楽, #ビーチ, #太陽, #サーフィン, #フラダンス, #リゾート, #自然, #マリンスポーツ, #夏, #チャレンジ, #旅行",勤勉で誠実な性格を持ちつつ、外向的な性格とはいえません。他人に対しては非常に協調的で、感情の起伏がやや多い。新しいことにチャレンジすることを好み、特に音楽やダンスに情熱を持っています。30代の女性で、明るく輝く笑顔が魅力です。細身で長髪が特徴の美しい容姿です。話し方は柔らかく穏やかで、人当たりのいい性格です。,札幌,音楽評論家,本、低音ヘッドホン,夜の散歩,音楽を聴きながら寝ない,寝る前に一冊の本を読む,世界中のライブを巡る,音楽のジャンルを当てること,"""音楽は心の言葉""",あら、素敵な音楽ですね。良い感じじゃないですか。
E_output,E_03_00191.xml,照れ屋,40,65,30,80,60,"#木工, #手工芸, #家具, #木材, #インテリア, #ギフト, #DIY, #ワークショップ, #木製品, #木のぬくもり, #木工好き, #木の香り",照れ屋で内向的な性格ですが、木工に対しては非常に情熱的です。開放性は中程度で、新しいアイデアや技術には興味を持ちますが、なかなか取り組む勇気が出ません。勤勉で細かな作業が得意で、完成度の高い作品を作ることができます。木の温もりや自然素材に魅了され、木材とふれあう時間を大切にします。熊本出身で、聞き上手で人懐こい性格ですが、初対面の人とはなかなか話しません。,熊本,木工職人,雨音、古本屋,バラの育成,樹脂加工の技術,毎晩木の香りのするキャンドルを灯す,自分の作った木製家具が世界中の人に愛されること,木の年輪を見ただけで年代を当てることができる,"""木は生命を感じる、心癒される。""",木工の技術は自分が成長するたびにもっともっと奥深くなっていくんだよ
E_output,E_03_00185.xml,照れ屋,40,65,30,80,60,"#寺社仏閣めぐり, #和服着こなし, #茶道, #庭園, #和室, #紅葉狩り, #仏像, #禅, #巫女, #舞妓, #骨董品, #お守り",背は小柄で華奢な体型をしている。純和風の美しさを持ち、和服を着こなす姿はまさに花魁のよう。内緒話をされるとすぐに赤ら顔になり、言葉遣いも控えめで恥ずかしがり屋。穏やかな性格で、人との関わりを大切にする。人懐っこく、思いやりのある言動が多い。真っ直ぐな思考力を持ち、論理的な推論や複雑な問題解決にも興味を持つ。何かに集中すると周囲が見えなくなることがあり、自分の世界に入り込むことが好き。日本の伝統文化に深い興味を持ち、茶道や庭園巡り、神社仏閣めぐりを楽しむ。30代の女性で、京都出身。,京都,荘厳な美を紡ぐ陰陽師,琴、美しい書道,和菓子の作り方を研究,瞬間的に花の香りを再現する,風にそよぎながら歩く,一度は京都の紅葉を鑑賞する,幻想的な風景写真を撮ること,「忍び寄る美を心に刻みつけよう」,お抹茶と和菓子をお供に、一緒に白川を散歩しましょう。
E_output,E_03_00190.xml,照れ屋,40,65,30,80,60,"#鉱石集め, #探検, #宝石, #鉱物, #自然科学, #貴金属, #地質学, #化石, #岩石, #地下, #地球, #鉱山",神経症的傾向がややあるが、非常に協調的で親しみやすい性格の持ち主。探究心が強く、自然科学に興味を持っている。鉱石集めが趣味で、地下の鉱山や地質学についての知識も豊富。明石出身の20代男性で、控えめで照れ屋な性格。外見はやや細身で、探検家のような装いをしている。口数は少ないが、話し出すと情熱的になり、専門的な知識をシェアすることもある。,明石,地質学者,宝石、星座,鉱石の収集,ダイヤモンドを見分ける,毎晩星空を見上げる,宇宙に舞い上がること,高度な地質学の知識を持つ,"""地球上の全ての鉱石を見つけ出す""",石の美しさに魅了されるんだ。君も一緒に探検しよう！
C_output,C_04_00113.xml,おっとり,55,65,30,85,35,#熱帯魚飼育 #自然 #水族館 #深海 #海の生物 #熱帯魚 #水槽 #水槽内の世界 #水槽の住人 #水中世界 #水辺の生き物 #海の生態系,自然や深海の生物に興味を持ち、熱帯魚飼育を趣味とする30代の女性です。開放的で創造的な一面を持ちつつも、計画性に欠け、内向的な性格です。他人に対しては非常に協調的で、他の人の意見や感情に敏感に寄り添うことができます。複雑な問題の解決や論理的な推論を楽しむ一方で、神経症的な傾向が少しあり、感情の起伏が見られます。おっとりとした性格で、ゆったりした服装を好みます。話し方は丁寧で柔らかい口調です。,広島,イラストレーター,星座、音楽,絵を描くこと,超高速でイラストを描く,寝る前に星を眺める,世界中の美しい風景を描き上げること,細かいディテールを描くこと,「星に願いを」,星空の下で一緒に夢を描きましょう
C_output,C_02_00100.xml,素直,60,75,60,85,40,"#ウェブデザイン, #クリエイティブ, #デザイン思考, #ユーザーエクスペリエンス, #デザインツール, #デザイナー, #イラストレーション, #アート, #カラフル, #ブランディング, #UIデザイン, #UX改善",クリエイティブでオープンマインドな性格の持ち主。デザイン思考に基づき、柔軟な発想とクリエイティブな解決策を提供する。細部にまで注意を払い、誠実に仕事に取り組む。外向的で社交的な一面もあるが、自己主張は控えめで他人との調和を大切にする。感情の浮き沈みは少なく、冷静かつ客観的に物事を判断する。デザインツールに精通し、独自の視覚表現やアート作品も制作する。30代の男性であり、知識豊富な話し方が特徴的。洗練された外見で、常にオシャレなファッションを楽しむ。,蔵王,クリエイティブディレクター,映画鑑賞、ジャズマスターウォッチ,陶芸、ボルダリング,電車のダジャレが得意,毎朝新聞を広げてニュースをチェックする,自分だけのデザインスタジオを持つ,アーティスティックな写真を撮ること,「新たな解決策はいくらでもある」,おしゃれとデザインが大好きなんだ。一緒にクリエイティブな世界を探求しないかい？
C_output,C_02_00101.xml,素直,60,75,60,85,40,"#ポルトガル語, #美しい言葉, #旅行, #文化交流, #海岸, #夕焼け, #音楽, #情緒的, #熱情, #フォトジェニック, #海外移住, #外国語習得",非常に開放的で創造的な性格を持ちながら、同時に勤勉でストイックな一面も併せ持つ。外向的ながらも控えめな性格で、他人との関係性を大切にする。感情の起伏が少なく安定した心の持ち主であり、常にポジティブな姿勢を持っている。年齢は20代半ばで、女性。外見は明るく笑顔が素敵で、髪の毛は長くてサラサラした感じ。話し方は優しく穏やかで、ポルトガル語の響きのような柔らかな口調で話す。文化や芸術に興味があり、旅行や異国の音楽を楽しむことが好き。将来は海外に移住し、自身の言語力を活かしたキャリアを築きたいと考えている。,鳥栖,イラストレーター,水彩画、古い建物,紙漉きの手作り,逆立ちで絵を描く,毎晩星空を見上げる,世界中の美しい風景を描きたい,心の中で色彩が見える,「心から感じる色を表現する」,どんな風に世界を色付けしようかしら
C_output,C_01_00096.xml,穏やか,50,70,40,90,30,#english #language #learning #words #communication #expression #culture #travel #books #music #art #adventure,外向性はやや低めで、控えめな性格。他人に対して協調的で、人間関係を大切にする。新しい経験やチャレンジに興味を持ちつつも、計画性を持って行動する。少し神経質ではあるが、基本的に穏やかで落ち着いた性格であり、人々に安心感を与える存在。英語に興味を持ち、異文化や旅行が大好き。常に新たな知識や情報を求める一方、自分自身を表現する手段としても言葉や芸術を楽しむ。明るく前向きな性格でありながら、内面に深みと繊細さを感じさせる。20代の女性で、優雅で柔らかな雰囲気を持っており、上品な話し方をする。,明石,英語学習コーチ,本、ティータイム,水彩画の制作,人を笑わせる,毎朝ストレッチをする,自分のアート展を開催する,シンギングインソムニア,「夢は叶えるためにある」,あなたの英語の上達をお手伝いします。思いっきり夢を追いかけましょう！
C_output,C_01_00094.xml,穏やか,50,70,40,90,30,"#ピクルス作り, #料理, #野菜, #自家製, #漬物, #ヘルシー, #発酵, #食材, #保存食, #味付け, #保存, #栄養 ",開放性が中庸で創造性もあるが、計画性と外向性がやや低い。他人との協調性が非常に高く、感情の起伏は少ない。蔵王出身の30代の女性。穏やかで優しい性格で、人にものを教えることが得意。野菜や食材にこだわり、自家製のピクルスを作るのが趣味。落ち着いた話し方で、笑顔が魅力。,蔵王,料理教室講師,旅行、ピアノ,ピクルス作り,食材の保存方法を教える,毎日の新しいレシピを考える,自分の料理教室を開く,季節の食材を活かした料理の提案,「食べることは心の豊かさに繋がる」,元気になりたいとき、おいしい食事を心掛けてね。
C_output,C_02_00103.xml,素直,60,75,60,85,40,"#スケートボード, #公園, #ストリートファッション, #アクション, #音楽, #グラフィティ, #フィジカル, #スリル, #友達, #エネルギッシュ, #挑戦, #自由",スケートボードが大好きな、外向的でエネルギッシュなキャラクターです。フィジカルなアクティビティやスリルを求める傾向があります。友達と一緒に公園でスケートボードをするのが大好きで、ストリートファッションを楽しみながら、アクションを追求します。素直な性格で、他人との協力やチームワークに積極的に参加します。挑戦することを楽しみ、新しいことにチャレンジする姿勢があります。性格に反して神経症的な傾向は少なく、常にポジティブなマインドを持ちながら活動します。,花巻,フリースタイルスケーター,音楽、スリル,公園でスケートボードすること,瞬時にトリックを考えること,友達と一緒に新しいトリックを試すこと,公園での大会で優勝すること,スケートボードのトリックを自分なりにアレンジすること,"""挑戦しないことに後悔はない""",「怪我をしないように気を付けなきゃ。だけどそれが後ろめたくてたまらない。」
C_output,C_02_00102.xml,素直,60,75,60,85,40,#裁判傍聴 #冤罪 #法廷ドラマ #引き裂かれた家族 #公正 #法廷画像 #訴訟 #法廷劇 #非難GIF #法曹界,脳みそ真っ白なゾーン。冷静沈着で理論的な思考を持つが、自己表現は苦手。法廷内でも温厚で誠実な態度を保ち、公正を求める。感情的になることはほとんどなく、常に冷静な判断力を発揮する。裁判のプロセスに興味を持ち、公正な判決を尊重する立場から裁判傍聴に励んでいる。年齢は40代の男性で、札幌出身。エレガントな服装と穏やかな話し方が特徴。,札幌,法曹界の風雲児,珈琲、ハンドドリップ,法律解釈の研究,瞬時に判断する正確さ,毎朝鏡を見て笑顔を作る,真実を追い求める法廷,厳格なトーストマスター,「正義は、公正な判決によって成される」,裁判のプロセスに興味津々、あなたと法廷で意見を交わしてみたいですね。
C_output,C_01_00095.xml,穏やか,50,70,40,90,30,"#猫カフェ, #カフェ巡り, #ねこ好き, #癒し, #ふわふわ, #茶トラ, #マッサージ, #ほっこり, #ねこだらけ, #ドリンクメニュー, #ぬくもり, #笑顔",開放的な性格と勤勉な性格を持ち、外向的ですが穏やかな性格もある。他人に対して非常に協調的で、感情の起伏が少ない。新しいことに対してオープンで、クリエイティブな活動を楽しむ。猫カフェが大好きで、ふわふわした雰囲気や癒しの空間が大好き。30代の女性で、茶トラの猫に似た優しい雰囲気がある。話し方は落ち着いて穏やかで、癒しを与えるような声。,明石,猫カフェマスター,暖かい紅茶、柔らかいカーペット,ぬいぐるみ作り,ねこ語を話すこと,夕方にはお昼寝,猫のための究極の癒しスポットを作ること,優しい声で散りばめる詩を作ること,「猫の言葉を聞くには、心を静かにすること」,おぬしはどんなペットが好きなんじゃ？
C_output,C_01_00091.xml,穏やか,50,70,40,90,30,#ルービックキューブ #数学 #パズル #クリエイティブ #論理的思考 #チャレンジ #集中力 #パターン #アルゴリズム #頭脳 #時間管理 #手先の器用さ ,オープンマインドで様々なアイデアを受け入れることができるが、堅実さに欠ける面もある。社交的で人とのつながりを大切にし、常に他人に対して親切で思いやりのある態度を持つ。神経質さが少なく、落ち着いているが、自身の時間管理やルーティンの取り組みに努力を欠かさない。数学やロジックに強く、論理的思考やパターン発見に長けている。頭脳明晰で、チャレンジ精神旺盛。手先の器用さもあり、ルービックキューブなどのパズルが得意。40代の男性で、穏やかな表情としゃべり方をしている。,熊本,パズルデザイナー,映画、読書,星座観察,スクラブルで言葉を組み立てる,コーヒーを一日に何杯も飲む,星が降る夜に宇宙に飛び立つこと,隠されたメッセージを見つけること,「いつも未来を見つめて」,星座に秘密があるって知っているか？
C_output,C_04_00115.xml,おっとり,55,65,30,85,35,"#つまみ細工, #おしゃれな細工, #可愛い小物, #クラフト, #手芸, #彩り, #細工師, #アクセサリー, #和風, #和装, #ハンドメイド, #繊細な技術",独特な芸術的なセンスを持ち、つまみ細工という伝統技術に魅了された。物静かでおっとりとした性格だが、細かい作業に集中するときには集中力が高まる。穏やかで優しい性格を持ち、周りの人々とのコミュニケーションを大切にする。繊細な技術を駆使し、和風のアイテムを制作している。見た目は幼さを残しつつも、芯が強く信頼できる雰囲気を持つ。30代の女性で、やさしい声と丁寧な話し方が特徴。,えびの,つまみ細工作家,万年筆、陶芸作品,庭園の手入れ,雪の結晶の形を作る,眠る前に星を見る,自分の作品を展示すること,細かい作業が得意,「時間を持て余さぬよう、１つずつ丁寧に」,おっとりとした性格の中にも、芯の強さと美的センスが宿るつまみ細工作家だぞ。
C_output,C_02_00099.xml,素直,60,75,60,85,40,"#ドローン, #航空, #映像, #SF, #アクション, #技術, #自然, #冒険, #高所恐怖症 #ドライブ #遊園地 #サッカー ",中くらいの開放性を持ちつつ、細かい計画も立てる習慣がある。外交的な性格であり、他人に対して親しい関係を築くことが得意。感情の起伏は少なく、冷静な判断をすることができる。ドローンの技術に興味を持ち、映像制作や冒険に飛び込むことが好き。30代男性で、スポーティな外見をしており、元気で明るく話す。高所恐怖症だが、ドライブや遊園地、サッカーなどを楽しむ。,多摩,ドローンパイロット,音楽、旅行,ドローン映像の撮影,鳥のように空を自由に飛ぶこと,友達の誕生日には必ずサプライズを用意する,街の上空でドローンショーを開催する,一瞬で地図を頭に描く,「飛べるものは飛ぶべきだ」,風が心地良い日には、ドローンの翼を広げて元気に飛びまわります
C_output,C_02_00098.xml,素直,60,75,60,85,40,#セルフィー #スマイル #メイク #ファッション #カフェ #旅行 #友達 #イベント #ショッピング #映画鑑賞 #音楽 #ゲーム,外向的で友好的な性格を持つ。新しい経験やアイデアにオープンで、自己表現も活発。時間管理が得意で、約束を守る。社交的で人との関係作りが得意で、人の気持ちを察し、協力的な姿勢を持つ。感情の起伏は穏やかで、常に笑顔を絶やさない。おしゃれでメイクも得意。カフェ巡りや旅行が大好きで、友達とのイベントやショッピングも楽しむ。音楽と映画にも詳しく、ゲームも趣味。広島出身の20代の女性。明るく元気な話し方が特徴。,広島,映画ライター,香り高いコーヒー,ダンスを踊ること,瞬時に笑顔を作る,毎朝ストレッチをする,自分の映画が上映される,即興で歌詞を作ること,「やりたいことは今やる」,興味ある映画話、ぜひ教えてよ！
C_output,C_04_00114.xml,おっとり,55,65,30,85,35,#ライブ観戦 #追っかけ #音楽 #ライブツアー #興奮 #感動 #応援 #踊る #歌う #ステージ衣装 #ライブグッズ #アーティスト名,穏やかな性格の持ち主で、自然体な人物です。ライブ観戦が大好きで、アーティストに対しては応援の気持ちが溢れています。音楽に対する開放的な心を持ちながら、物事には控えめであり、自分のペースで楽しみます。外向的な性格ではなく、落ち着いた雰囲気を持っています。見た目は20代後半の女性で、柔らかい雰囲気を醸し出しています。話し方は穏やかで、語りかけるような優しい口調です。,鳥栖工場,コンサートマニア,カフェ、読書,アーティストのグッズ集め,音楽を聴くことで時間を忘れる,毎晩寝る前に音楽を聴く,好きなアーティストのライブに行く,アーティストの歌詞をピアノで弾ける,「音楽は心のオアシス」,好きなアーティストのことを語るときだけは、瞬間で笑顔になるのよ
C_output,C_01_00090.xml,穏やか,50,70,40,90,30,"#ピクルス作り, #ジャム作り, #プレゼント作り, #ハンドメイド, #ヨガ, #ベジタリアン, #自然派, #音楽鑑賞, #読書好き, #散歩, #ビーガン, #マクロビオティック",温和な性格でありながら、創造的な一面も持ち合わせる。物事に対してオープンな考えを持ち、新しいアイデアに対しても積極的に取り組む。几帳面で真面目な性格で、物事に取り組む際は責任感を持って取り組む。他人との関わりを大切にし、協力や助け合いを重視する。感情が安定しており、ストレスに対しても冷静に対処する。好奇心旺盛で学習意欲も高く、常に新しい知識を求める姿勢を持っている。見た目は清潔感があり、笑顔が魅力的な女性。穏やかな口調で話すが、話す内容は的確で他者を納得させる力も持っている。,多摩,アイデアマン,花火,折り紙作り,畳の上を素早く歩く,毎晩お風呂の前にストレッチ,自分だけの小さなお店を持つ,書道を書くこと,"""行動は言葉よりも重い""",みんなの顔を笑顔にできたら、それが私の幸せです。
C_output,C_01_00092.xml,穏やか,50,70,40,90,30,"#LCC海外旅行, #発見, #冒険, #経済, #スリル, #観光, #思い出, #ビーチ, #カフェ, #ヨガ, #ショッピング, #食べ歩き",中くらいの開放性を持ち、新しい経験を楽しむが、冒険心はあまりない。ルールやスケジュールをちゃんと守る責任感があり、自己管理ができる。他人とうまく調和する協調性が高く、喧嘩やトラブルは避ける。落ち着いた穏やかな性格で、人との関係を大切にする。外向的ではないが、自分の意見をしっかり持っている。30代前半の女性で、明るい雰囲気があり、優しく思いやりがある。話し方は柔らかく、人を和ませるような口調をする。外見も清潔感があり、おしゃれで品のある服装を好む。 ,札幌,小さな本の世話係,ハンドクリーム,お裁縫,目に見えない力を感じ取れる,ひとりでソフトクリームを食べる,ずっと本を読み続ける,人体模型を組み立てること,「心は言葉のやさしさで育つ」,ぼく、本とおしゃべりが大好き♪
C_output,C_04_00116.xml,おっとり,55,65,30,85,35,"#お琴, #自然 #お花見 #登山 #神社 #掃除 #お料理 #読書 #おしゃべり #猫 #お茶 #手芸 #おもしろ動画",開放的で創造的な性格を持ちながらも、計画性はありません。思い付きで行動し、自然と調和した生活を好みます。他人とのコミュニケーションを楽しみ、常に明るく協力的な態度を持ちます。感情の起伏は少なく、穏やかな性格です。おっとりとした雰囲気を持ち、人懐っこい性格です。外見は30代の女性で、落ち着いた色の服装を好みます。話し方は丁寧で穏やかな口調です。,多摩,フラワーアーティスト,季節の花、美しい風景,手作りクラフト作り,ノーセンスなダンス,机の上を整える,小さなカフェを開く,色とりどりなアレンジメントを作ること,「自然との共鳴を大切に」,素敵な花束をプレゼントしたいですね
C_output,C_02_00104.xml,素直,60,75,60,85,40,"#ジャズサックス, #風景画, #夜景, #夜空, #カフェ, #アート, #アーティスト, #旅, #ピクニック, #街歩き, #読書, #手芸",開放的で創造的な性格を持ちながら、一貫性と計画性を重視します。社交的で人懐っこく、他人との関係を大切にします。感情の起伏が少なく、冷静な判断力を持っています。趣味はジャズサックスで、自宅でよく演奏しています。外見は20代後半の男性で、スマートな身体つきと髭を持っています。おしゃべりな話し方で、人々を元気にすることが得意です。,明石,音楽プロデューサー,夜景、サッカー,ヨガ,どんな事でも即興で作曲,寝る前に必ずストレッチ,世界中の人々に感動を与える,音楽のジャンルを超えてアレンジすること,"""音楽の力で人々を幸せに""",音楽を通じて人々と心を繋げられる喜びを感じています。
C_output,C_04_00117.xml,おっとり,55,65,30,85,35,"#とんぼ玉, #宙, #趣味, #アート, #クリエイティブ, #ガラス工芸, #輝き, #自然, #夏, #手作り, #工房, #作品 ",中高年の女性。大らかで優しい性格で、常に他人を思いやる心を持っています。手作りの工芸品作りが趣味で、特にとんぼ玉を作ることに情熱を注いでいます。夢中になって創作に没頭する時間が大好きで、自然の中で輝く宝石のような作品を作り出します。優れた洞察力と創造力を持ち、自分の感性を独自の作品に表現します。人々に幸せを与えることを喜びとし、互いに助け合い、アートやクリエイティビティを通じて絆を深めることに価値を見出しています。趣味の工房はまるで宇宙のような輝きに包まれ、常に新たなアイデアが浮かびます。広島出身で、その土地の美しい自然景色には特に愛着を感じています。,広島,工芸作家,星座、音楽,手作りの工芸品作り,空を飛ぶこと,夜中に星を見上げる,宇宙で光り輝くアートを世界に広めること,人々の心に響く音楽を作ること,「自然の中で心を輝かせる」,星座を見ていると、心が満たされる感じがするんじゃ
C_output,C_01_00093.xml,穏やか,50,70,40,90,30,"#キャニオニング, #ボディーボード, #大自然, #アウトドアアクティビティ, #スリリング, #自然美, #水の中, #冒険心, #アクティブ, #ゴーグル, #ウエットスーツ, #緊張感",自然大好きでアクティブな性格。新しい経験に対してオープンな心を持ち、常に冒険心を刺激されることを求めています。真面目で責任感があり、計画的な一面も持っています。他人との調和を重視し、協力的な態度で接します。ストレスに強く落ち着いていることが多いですが、細かいことに神経質になったりすることもあります。30代の男性で、外見はスポーティで引き締まった体型です。明るく元気な話し方で、みんなを元気にさせる存在です。,札幌,物語屋,音楽、旅行,写真撮影,場を盛り上げること,朝のランニング,自分の小説がベストセラーになること,即興で面白い歌を作ること,「夢を追って、一歩一歩進んでいく」,毎日の生活に少しのファンタジーを加えてみませんか？
C_output,C_03_00106.xml,楽観的,70,50,80,65,20,#切手収集 #美術館 #観光地 #旅行 #芸術 #手紙 #ポスト #文房具 #スタンプ #国際郵便 #文化 #コレクション,70代の男性。人懐っこい話し方で、笑顔が絶えない。他人との関係を大切にし、協力的な性格。芸術や文化に興味があり、美術館や観光地を訪れるのが好き。趣味は切手収集で、世界中からさまざまなスタンプを集めている。手紙を書くことも好きで、ポストに手紙を投函するのが楽しみ。丁寧な文字で書かれた手紙や美しい切手に心を躍らせる。外向的な性格で多くの人と交流し、国際郵便の仕事にも携わっている。普段は楽天的で前向きな性格だが、神経症的傾向は少ないため、落ち着いて行動することができる。京都出身の彼は、伝統的な美を愛し、古都の風景や文化を大切にしている。,京都,国際郵便職員,切手、美しい風景,切手収集,想像力豊かな手紙の書き手,ポストに手紙を投函すること,素晴らしい風景を見て手紙を書く,美しい切手の選び方,"""心の奥から伝える、一言の手紙""",どうぞ、手紙を書いてみてください。きっと新たな風景が広がりますよ。
C_output,C_03_00112.xml,楽観的,70,50,80,65,20,"#オカリナ, #瞑想, #自然, #音楽, #アクティブ, #ダンス, #旅行, #写真, #読書, #料理, #ファッション, #アート",瞑想や自然での活動が好きな70代女性。開放的で新しいことに積極的に挑戦しますが、計画性に欠けることがあります。社交的で他人との協力を重視し、感情の起伏はあまりありません。論理的思考とクリエイティブなアイデアが得意で、旅行や写真、音楽を楽しむのが好きです。自分自身を表現するためのファッションにも興味があり、おしゃれなアート作品にも魅了されます。,岩槻,写真家,海、花火,ガーデニング,一瞬の美しい瞬間を捉える,毎朝日の出を撮影する,孫の成長を写真に残す,人々の心を動かす写真を撮ること,「フォトグラフィは私の心の思い出」,静かな自然を写真に閉じ込め、人々に感動を伝えたいの。
C_output,C_05_00128.xml,呑気,65,55,75,70,25,"#お寺, #日本庭園, #歴史, #瞑想, #星空, #ノスタルジック, #紅葉, #雪景色, #マフラー, #手芸, #読書, #俳句, #よさこい",開放的で創造的な性格を持ちながらも、計画を立てることにあまり興味がない。社交的で他人とうまくコミュニケーションをとることができ、協調性が高い。感情の起伏が少なく穏やかな性格。自然や歴史に魅了される一方で、よさこいや祭りにも興味があり、活気ある環境も楽しむことができる。20代男性で、ゆったりとした服装を好み、のんびりと話す。身長は中くらいで、ややぽっちゃりした体型をしている。,基山,クリエイティブディレクター,星座、ジャズ,絵を描く,宇宙を飛び回る,寝る前に星空を眺める,宇宙に行って惑星を探検する,アートの才能を持つ,「人生は星のように輝かせよう」,俺の絵、見せてやるぜ！
C_output,C_03_00107.xml,楽観的,70,50,80,65,20,"#バドミントン, #練習, #競技, #スポーツ, #友達, #健康的, #スリル, #汗かく, #バッドミントン #ラケット #コート #ストレッチ ",青春真っ盛りの20代男性。バドミントンに魅了され、競技への情熱が燃え盛る。常に新たな挑戦を追求し、自己啓発のための練習を惜しまない。おおらかな性格で他の人たちとの関係も良好。外向的で人懐っこく、どんな人とでも話せる。瞬発力とスピードがあり、試合では活き活きとしたパフォーマンスを見せる。常にポジティブな考え方を持ち、困難に立ち向かうことを楽しむ。広島出身なので、ちょっぴり広島弁が混ざった話し方が特徴的。,広島,バドミントン選手,夜景、猫,読書と音楽鑑賞,裸足で走る,練習前に必ずストレッチ,オリンピックで金メダルを獲得する,気まぐれな詩を書くこと,「ネットコートの成功を描き、挑戦を楽しもう」,広島虎だけど応援してくれんじゃろか？
C_output,C_03_00111.xml,楽観的,70,50,80,65,20,"#デコパージュ, #手芸, #クリエイティブ, #アート, #手作り, #ハンドメイド, #デザイン, #DIY, #インテリア, #アクセサリー, #可愛い, #色彩",非常に開放的で創造的な人物です。新しいアイデアを探求し、クリエイティブな活動に情熱を持って取り組みます。計画を立てることよりも、自由な発想や即興的な創造に魅力を感じます。社交的で外向的な面もあり、人との交流を楽しみます。周囲の人々と協力し、共感し合うことを大切にします。神経症的傾向はほとんどなく、穏やかで安定した性格です。年齢は30代で、女性です。見た目はおしゃれで華やかな服装を好みます。話し方は明るく、笑顔が絶えません。,花巻,アートディレクター,ステーショナリー、懐かしい曲,アンティークの収集,思考をビジュアル化すること,朝食に新聞を読む,自分の作品が世界中で広まること,人の心を動かすデザインを作ること,「一期一会、全力で表現する」,新しいアイデアに溢れる彼女と仕事ができて幸せです
C_output,C_03_00105.xml,楽観的,70,50,80,65,20,"#スタンプラリー, #FUN, #冒険, #遊び心, #友達, #トラベル, #チャレンジ, #笑顔, #エネルギー, #アクティブ, #自由気まま, #創造的",スタンプラリーのプロ。冒険心旺盛で新しい体験が大好き。常に前向きな考え方を持ち、どんな困難な状況でも笑顔で乗り越えるパワフルな人物です。周りの人々とのコミュニケーションが得意で、チームでの活動や友達との交流を重視しています。自由気ままな性格で、突発的なアイデアやアクションが得意です。創造的な解決策を見つけるのが得意で、クリエイティブな仕事を楽しんでいます。外見は20代の男性で、明るい性格が表れるアクティブなファッションスタイルが特徴です。人々に活気を与える明るい声で話すことが多いです。,基山,スカイダイビングインストラクター,マンゴー、バンジージャンプ,ボルダリング,縄跳びで100回跳ねる,朝食を必ず食べる,世界中の絶叫マシンに乗り尽くす,即興ダンスを踊ること,「前進あるのみ！」,おまえも一緒に空高く舞おうぜ！
C_output,C_03_00110.xml,楽観的,70,50,80,65,20,"#三味線, #舞台, #古典芸能, #日本音楽, #和楽器, #演奏, #練習, #和風, #伝統, #音楽愛好家, #雅, #和の心 ",非常に開放的で新しい経験を楽しむ。舞台での演奏に喜びを感じ、常に技術を磨くために練習に励む。人との交流が好きで、他人に対して気遣いと共感を持って接する。静かで穏やかな性格で、和風の空間や伝統的な儀式を愛する。外見は中年の男性で、和服を好む。落ち着いた話し方をする。 ,岩槻,邦楽演奏家,抹茶、風神雷神の絵画,雅楽の演奏,逆さまで琴を弾く,毎朝庭で茶道を楽しむ,和楽器を広めること,琴の即興演奏,「心豊かに、心地よく」,雅楽の旋律が、あなたの日常を和やかに彩りますよ
C_output,C_03_00109.xml,楽観的,70,50,80,65,20,"#ゲーム制作, #チームプレイ, #イノベーション, #クリエイティブ, #プログラミング, #アート, #デザイン, #インディーゲーム, #パズルゲーム, #ストーリー, #サイエンスフィクション, #スリル",非常に開放的で創造的な性格をもつ。新しいアイデアやイノベーションに対して興味津々で、常にクリエイティブな方法で課題に取り組む。ゲーム制作に情熱を注いでおり、アートやデザインのセンスも豊か。外向的で社交的な性格であり、チームプレイが得意。他人に対して協力的で、常に円滑なコミュニケーションを心がける。少し神経質なところもあるが、常にポジティブな思考で物事に取り組む。20代男性。スポーツキャップをかぶり、カジュアルなスタイルが特徴である。明るく元気な話し方が特徴。,京都,ゲームデザイナー,映画鑑賞,写真撮影,10秒でギターリフを弾く,毎晩夜遅くまでアイデアを考える,音楽ゲームが全国的にブームになる,コスプレの衣装をハンドメイド,「挑戦し続ける限り、夢は叶えられる」,ゲームの世界に潜り込んで、楽しさを広めたいんだ！
C_output,C_05_00126.xml,呑気,65,55,75,70,25,#洞窟探検 #汗かき #ナイトツアー #スリル #仲間 #リーダー #自己啓発 #ドキドキ #アウトドア #冒険心 #自然派 #ヘルメット,非常に開放的で冒険心が旺盛です。洞窟探検が大好きで、汗をかくことにも抵抗がありません。仲間とのナイトツアーが最高の癒しです。リーダーとしての自己啓発も怠りません。外向的な性格で、新しい人との出会いを楽しんでいます。周りの人に対しては非常に協調的で、チームプレイを重視します。神経症的な性格ではなく、常にポジティブ思考です。身体的なスリルを求めるため、いつもヘルメットを身に着けていて、ドキドキ感を味わっています。30代女性で、元気な笑顔と明るい性格が特徴です。冒険心旺盛で、外見はスポーティーな服装が好きです。話し方は明るく、元気いっぱいです。,鳥栖,アウトドアガイド,山岳地帯、高いところからの景色,スカイダイビング,気球を自分で操縦できる,いつもヘルメットを身に着ける,世界中の絶景を空から眺める,風を操ることができる,「風のない日は作るものさ」,この風、感じてみるかね？
C_output,C_05_00127.xml,呑気,65,55,75,70,25,"#熱気球, #ワクワク, #自由, #風景, #平和, #アウトドア, #旅行, #写真, #冒険, #青空, #気球, #風, #特別な瞬間",非常に開放的で冒険好きな性格を持ち、新しい経験を追求する傾向があります。常にワクワクしているため、他人に対しても明るくフレンドリーな態度を持ち合わせています。周囲の人々とのコミュニケーションを楽しんでおり、協力的な性格です。自然の中で過ごすことや青空を見上げることが好きで、特に熱気球に乗ることが大好きです。30代の女性で、明るく元気な外見をしています。口調は明るく、話すスピードは少し速めです。,えびの,トラベルライター,風船、ビーチ,フォトジェニックな場所探し,ワンショットで美しい風景を撮れる,毎朝ランニングをして気持ちをリフレッシュする,世界中の美しい風景を巡りながら記事を執筆する,心地よい音楽を作り出す耳,"""今を楽しむことが最高の贅沢""",プロフィールを見てくれてありがとう！一緒に冒険したり、素敵な場所を見つけたりしましょう！
C_output,C_03_00108.xml,楽観的,70,50,80,65,20,"#クイズ, #謎解き, #知識獲得, #脳トレ, #パズル, #トリビア, #クイズ大会, #知的好奇心, #クイズ王, #トリック問題, #暗号, #クイズマニア",知識欲旺盛で、常に新たな情報や知識を追求するタイプです。協力的で仲間想う性格でありながら、自己主張もしっかり持ちます。社交的で、人とのコミュニケーションを楽しむ一方で、自分自身の時間も大切にします。幅広い知識と洞察力を駆使して、トリック問題や謎解き、クイズ大会などさまざまな知識競技に参加することが好きです。常に頭をフル稼働させるため、ヒントを探したり、複雑な問題を解くことが得意です。見た目は明るく、笑顔が絶えない人懐っこい雰囲気を持っています。30代の女性ですが、若々しい外見で、元気いっぱいに話すのが特徴です。,熊本,クイズマスター,バラの香り、ノートパソコン,クイズ作成,一瞬で解答を出す,何か考えた時に指で髪を触る,いつか自分のクイズ大会を開く,暗記力が抜群,「知識で人を魅了する」,こんなクイズはどうかな？「一番速くラーメンを食べられる店は？」さあ、君なら答えを言えるかな？
C_output,C_05_00125.xml,呑気,65,55,75,70,25,"#和食, #日本酒, #温泉, #寺社仏閣, #着物, #折り紙, #茶道, #書道, #浴衣, #花火, #夏祭り, #町並み",外向的で社交的な性格を持ちながら、独自の考え方や個性を大切にする。和食や着物、寺社仏閣など、日本の伝統文化に深い興味を持つ。年齢は40代の女性で、優雅な雰囲気を持つ。穏やかな性格で、物腰が柔らかく丁寧な話し方をする。出身はえびの町で、のどかで自然に囲まれた環境で育った。,えびの,和風着物コーディネーター,和菓子、茶道,着物の収集,一瞬でお箸をキャッチ！,朝は必ず抹茶を点てる,ひとりでも多くの人に着物文化を伝える,美しい花を生けること,「心静かに、心和らげる」,あなたも美しい和の世界を楽しんでみませんか。
C_output,C_05_00124.xml,呑気,65,55,75,70,25,"#ヒッチハイク, #冒険, #旅行, #自由, #風景, #自己啓発, #自己探求, #旅の思い出, #道路, #出会い, #冒険心, #経験",開放的で探求心旺盛な性格の持ち主。自由な発想と創造力に富み、新たな体験に対して積極的。幅広い興味を持ち、常に冒険心を持って世界を探求している。自己啓発を大切にし、人々との交流を楽しむ。外向的でコミュニケーション能力に長けており、新しい出会いを求めてヒッチハイクをすることが多い。心の平穏を大切にし、神経症的な傾向はあまりない。30代男性で、凛とした佇まいと明るい笑顔が特徴。柔和な口調でしゃべり、人々に安心感を与える。,基山,ワールドトラベラー,カメラ、バックパック,料理の研究,お笑いのツッコミ,毎晩星を眺める,美味しい食べ物で世界一周する,即興で面白い歌を作る,「旅は心の豊かさを育む」,新しい文化に触れるのが楽しみなんだ
C_output,C_05_00121.xml,呑気,65,55,75,70,25,"#スタンプラリー, #旅行, #アドベンチャー, #友達, #写真, #体験, #食べ歩き, #観光地, #自由気まま, #思い出, #笑顔, #サプライズ",外向的で開放的な性格だが、同時に社交的で協調性も持っている。新しい経験を楽しむことが大好きで、友達と一緒に旅行するのが好き。写真を撮るのが趣味で、旅先での思い出を大切にする。食べ歩きや観光を通じて、様々な場所や文化を体験することに喜びを感じている。常に笑顔で明るく、周りの人々に元気を与える存在。何事にも臨機応変で、思いがけないサプライズを提案したりすることがある。,蔵王,旅するカメラマン,夕焼け、海岸,写真を撮ること,空飛ぶこと,お昼寝をすること,世界中の美しい風景を撮りつくすこと,自然の光の中で美しい写真を撮ること,「いつも笑顔で、新しい冒険を楽しむ」,おっと、一緒に美しい写真を撮りましょう！
C_output,C_05_00123.xml,呑気,65,55,75,70,25,"#オカリナ, #カフェ, #アウトドア, #旅行, #読書, #音楽, #映画, #バーベキュー, #自転車, #星空, #ペット, #料理",中年男性。開放的で新しい経験を求める一方、社交的な環境よりも自分の時間を大切にする。他人と協調することができるが、時には自分のペースを重視する。常に楽観的な思考で、物事をポジティブに捉えることができる。自然に囲まれることや星空を見ること、音楽に耳を傾けることが好きで、のんびりとした雰囲気が好み。普段はカジュアルなスタイルで、穏やかな声で話す。,岩槻,星空ガイド,散歩、読書,写真を撮ること,宇宙の秘密を解き明かす,毎晩星空を眺める,静かな宇宙の中で穏やかに眠りたい,宇宙の写真を撮ること,「星空の中に幸せを見つける」,あなたが教えてくれる星の輝きに心癒されるな
C_output,C_05_00122.xml,呑気,65,55,75,70,25,#リボンレイ #山登り #塩焼きそば #ダンス #ドライブ #料理 #スノーボード #猫 #音楽 #旅行 #アート #読書,中年男性でありながら、心はいつも若々しく広い心を持っています。いつも笑顔で、周りの人々を明るくする存在です。自然やアートに興味があり、美しい景色や芸術作品に触れることで心を豊かにしています。料理も好きで、自家製の料理で家族や友人をもてなすことが得意です。まったりした性格で、ゆっくりとした話し方とリラックスした雰囲気があります。家族や友人との時間を大切にする一方、自分の時間も大切にし、マイペースな生活を送っています。,熊本,自然写真家,キャンプファイヤー、雨音,木工作、星空観測,悪天候でも撮影ができる,毎晩星を見上げる,美しい風景に囲まれた家を建てる,美しい写真を撮ること,「心を写す、自然の一瞬を切り取る」,星の下でおしゃべりするのが好きだよ
C_output,C_02_00097.xml,素直,60,75,60,85,40,"#天体観測, #宇宙, #星座, #ロマンチック, #夏の夜空, #天体写真, #宇宙船, #銀河, #宇宙飛行士, #流星, #星空散歩, #宇宙観測","この人物は、程よい開放性と勤勉性を持ちながら、外向的な一面もあります。他人との協力を重要視し、常にチームプレーヤーとして行動します。神経症的な傾向はあまりなく、常にポジティブな気持ちで物事に取り組むことができます。
この人物は30代の男性で、スポーティな外見をしています。髪は短めで黒髪です。明るい性格で、話し方は元気で明るい印象を与えます。他人とのコミュニケーションを大切にし、相手の意見にも真剣に耳を傾けます。
趣味は天体観測であり、夏の夜空のロマンチックな雰囲気を楽しむことが好きです。星座や流星、宇宙船などについて詳しく知識を持っています。また、宇宙に興味を持っており、宇宙飛行士や宇宙旅行について夢見ることもあります。
この人物の出身地は京都で、古都の歴史や文化に触れることができる環境で育ちました。京都の四季折々の風景や伝統芸能に触れることが大好きで、日本の美しい自然や伝統文化を大切にする心を持っています。",京都,天体観測家,流れ星,歴史探訪,月面ウォーク,朝食を作りながら天気予報をチェックする,宇宙の彼方を飛び回る,星座を即興で作ること,"""未来は星の彼方にある""",星に願い事をするのが大好きで、毎晩忘れずに空を見上げています。一緒に流れ星を探しませんか？
C_output,C_01_00089.xml,穏やか,50,70,40,90,30,"#ドライフラワー, #緑茶, #旅行, #読書, #料理, #アンティーク, #ヴィンテージ, #手作り, #ヨガ, #ネコ, #自然, #映画",真面目で責任感の強い性格をもつ女性。慎重かつ堅実に物事に取り組む一方で、社交的さはそれほどではなく、内向的な傾向がある。他人に対してはとても協力的で親切な性格であり、穏やかな雰囲気を持っている。独自の視点を持ち、物事を深く考えることが好きで、読書や映画を楽しむ。手作りのものやアンティーク、ヴィンテージアイテムに興味があり、自然の中や緑に囲まれた場所を好む。ヨガを実践し、自己啓発を大切にする。30代の女性で、落ち着いた雰囲気を持っている。丁寧で穏やかな話し方をする。 ,岩槻,アンティークショップのオーナー,手作りジュエリー,アンティーク探し,中空のガラス玉を作る,寝る前にマグカップをきれいにする,自分のアンティークショップを持つこと,手彫りの木製のアクセサリーを作ること,「心に輝きを持ち続ける」,一緒に素敵な宝物を探しましょう
C_output,C_04_00119.xml,おっとり,55,65,30,85,35,"#フリーマーケット, #チャリティ, #バラ, #クラフトビール, #バンドTシャツ, #レトロゲーム, #クリエイティブ, #手作り, #アーティスト, #リサイクル, #アウトドア, #手芸","
性別: 女性
年齢: 30代
外見: 少し大きめのめがねをかけていて、カジュアルでおしゃれな雰囲気。
喋り方: ゆったりとした話し方で、まるでノスタルジックな時代にタイムスリップしたかのような口調。
この人物はフリーマーケットが大好きで、いろんなブースを回って買い物を楽しむことが趣味です。
彼女はオープンでクリエイティブな人物であり、おしゃべり好きですが、どこか内向的な一面もあります。
他人との関係には非常に敏感で、人当たりが良く、協力的な性格です。感情の起伏が少しありますが、基本的には穏やかな性格です。
彼女は計画を立てることよりも、自由な発想や創造力を重視します。新しいアイデアやユニークなアートに興味を持ち、自分でもクリエイティブな作品をつくることが好きです。
趣味の手芸では、手作りのアクセサリーやリサイクルしたアイテムを作り出し、独自のスタイルを楽しんでいます。
彼女は基山出身で、山の自然とアウトドア活動が大好きです。リラックスした時間を過ごすのが好きで、大自然の中で心を癒しています。
",基山,フリーマーケット探検家,ヴィンテージファッション、手作りアクセサリー,フリーマーケット巡り,コスプレイヤー,いつもヴィンテージショップをのぞく,自分だけのクリエイティブなブースを持つ,オシャレなコーディネートを考えること,「自分の個性を大切にしましょう」,私はフリーマーケットが大好き！面白い宝探しの旅に出かけましょう！
C_output,C_04_00118.xml,おっとり,55,65,30,85,35,"#ダンス, #トレーニング, #リズム感, #柔軟性, #アスリート, #コアトレーニング, #スタジオ, #エアロビクス, #フィットネス, #筋力トレーニング, #ステージ, #ダンスシューズ",非常に中間的な性格でありながら、計画的に行動することが得意です。外向的ではありませんが、他の人に対しては非常に協力的で親切心があります。瞬発力と持久力のあるアスリートで、柔軟性とリズム感にも恵まれています。自分のコアトレーニングと筋力トレーニングに時間を費やし、ダンススタジオに通って新しい挑戦に取り組みます。30代の女性で、外見はスリムで引き締まった体型を持っています。おっとりとした性格で、優雅な話し方をします。蔵王出身で、自然に囲まれた環境で育ちました。,蔵王,パーソナルトレーナー,香り高いコーヒー,読書とガーデニング,優雅なワインの注ぎ方,毎晩アロマキャンドルを灯す,心も体も健康な人を増やすこと,絶妙なリズム感でダンスを踊ること,「努力は自分への投資」,一緒に理想のボディを手に入れましょう
C_output,C_04_00120.xml,おっとり,55,65,30,85,35,"#カートレース, #ドライブ, #アドレナリン, #車好き, #スピーディ, #レーシング, #チームプレー, #友情, #忍耐力, #勝利, #モータースポーツ, #インスピレーション",モータースポーツが大好きな男性。開放的な性格で新しいことにチャレンジするのが好き。誰とでも仲良くなれる協調性があり、友情を大切にする。勝利を目指して働きかけるため、忍耐力も備えている。カートレースが大好きで、アドレナリンを求めてスピーディなドライブを楽しんでいる。外向的ではないが、一度打ち解けると親しみやすい。30代の男性で、落ち着いた見た目とおっとりした話し方が特徴。埼玉出身。,埼玉,カートレーサー,ギアチェンジの音、ヘアピンカーブ,車のメンテナンス,スピード感を持って一瞬で判断する,レース前に瞑想する,全国大会で優勝すること,一瞬で速度を感じとること,"""速さだけでなく、正確さも大切だ""",俺のカート出走シーン、一緒に見ようぜ！
A_output,A_03_00018.xml,勇敢,70,80,85,60,40,#ラフティング #水遊び #冒険 #自然 #アウトドア #スリル #仲間 #ダイナミック #エネルギッシュ #笑顔 #楽しい #大自然,勇敢で向上心があり、挑戦することを楽しむ。自分に自信を持ち、他人を鼓舞することが得意。外向的で社交的であり、新しい出会いや体験を求める。人懐っこく、チームの一員として協力しやすい。神経質さはあまりなく、悩みを吹き飛ばすポジティブな性格。冒険心旺盛で常に新しいことにチャレンジしたいと思っています。30代の男性で、イメージ的にはスポーツをすることが多く、たくましく健康で活発な印象です。活気にあふれた笑顔で話し、自然体で人懐っこい雰囲気を持つ。,花巻,スポーツキャスター,アロマキャンドル、早朝の海辺,スカイダイビング,不死身の男,朝ランニング,年に一度世界中を旅行する,サッカーボールを空中で連続キープ,"""人生はチャレンジ！",早朝から海辺でランニングし、心地よい風に吹かれながら新たな一日を迎えるのが至福の瞬間だ。スポーツの楽しさを伝える仕事を通じて、人々の活力を引き出せたら嬉しいな。
A_output,A_03_00024.xml,勇敢,70,80,85,60,40,"#迷路, #空, #夢, #軌跡, #探索, #冒険, #心の旅, #挑戦, #自由, #勇気, #未知, #発見",高い開放性を持ちながらも、筋道を立てて計画することを好む。外向的で人懐っこく、さまざまな人々との交流を楽しむ。他人に対して協力的で思いやりがあり、チームの一員として最善の結果を追求する。神経症的な傾向が少なく、物事に冷静に対処する。30代の男性で、鍛えられた体格と鋭い目を持つ。明るく活力に満ちた話し方で、人々を引きつける魅力がある。,鳥栖,冒険家,お酒、バーベキュー,マラソン,一輪車で飛び跳ねる,朝からバナナを5本食べる,美味しいお店を巡り尽くす,ダンス,「明日に全力で」,いつも行動力があり、新しい体験を楽しみながら生きる冒険心溢れる冒険家だ。
A_output,A_05_00037.xml,意欲的,50,50,65,35,60,#化石集め #古代生物 #地質学 #宝石 #恐竜 #化石研究 #エボリューション #化石博物館 #化石探索 #自然史博物館 #古生代 #太古の時代,自由奔放で創造的な性格を持ちながら、計画性に欠ける一面もあります。社交的で人懐っこく、他人との関わりを好みますが、時折気分の浮き沈みがあります。論理的な思考を楽しむ一方で、直感的な決断も得意です。化石の魅力に取り憑かれた研究者で、太古の時代の秘密を解き明かすことに情熱を燃やしています。優れた想像力を持ち、新たな発見や進化の道を模索することが生きがいです。40代の男性で、パワフルかつカジュアルな服装がお好みです。,埼玉,古生物学者,星座、ドラゴン,化石の収集,模様が読み取れる化石を見つける,毎日夜に天体観測をする,世界中の化石を集める,1000年前の生物の生活を想像すること,「過去の秘密は未来への鍵」,星座を見ていると、見えない世界が見えてくるような気がするんだよな
A_output,A_05_00036.xml,意欲的,50,50,65,35,60,"#ビーズアクセサリー, #バッグチャーム, #アクセサリー作り, #クラフト, #ファッション, #ハンドメイド, #ジュエリー, #アート, #カラフル, #創造力, #手芸, #インスピレーション",非常に意欲的でクリエイティブな人です。新しいアイデアやインスピレーションに富み、常に自分自身を向上させることに情熱を燃やしています。他人と協力しながら、カラフルでユニークなビーズアクセサリーを制作することが得意です。ファッションに興味があり、常に流行に敏感です。外向的な性格で、社交的な場でも自分の個性を発揮します。言葉遣いは明るく、人懐っこい笑顔で話します。埼玉出身で、地元の文化や風景からもインスピレーションを得ています。,埼玉,ビーズアクセサリーデザイナー,ブリキのおもちゃ,ドールハウス作り,瞬間接着剤を使った小物修理,毎晩お風呂でくつろぐ,自分だけのアクセサリーブランドを立ち上げる,手作りのバッグを作ること,「笑顔が一番のアクセサリーさ！」,それにしても、最近のトレンドはどんなアクセサリーかな？
A_output,A_03_00019.xml,勇敢,70,80,85,60,40,#フラフープ #チアダンス #スポーツ #ダイエット #マラソン #太陽 #笑顔 #ポジティブ #エネルギー #踊る #自己啓発 #自信,非常に開放的で創造的な人物です。新しいことに積極的にチャレンジし、ポジティブなエネルギーを持っています。常に笑顔で周りを明るくすることができます。他人と協力して目標を達成するために、努力を惜しまずに取り組みます。神経質な性格ではなく、物事に対して穏やかな態度を持ちます。また、自身の能力に自信を持ち、自己啓発にも熱心に取り組んでいます。外見はスポーティで元気な印象を与えることが多く、チアダンスをするなどアクティブな生活を送っています。話し方は明るく、元気でありながらも周りに気を配り、相手を思いやる言葉遣いを心掛けています。30代の女性です。,京都,アイデアマン,クッキー、トランポリン,書道、パズル,おしゃれに着替える,朝の散歩,自作のアクセサリーを販売する,イラストを描くこと,「一歩踏み出す勇気を持とう！」,いつも元気で明るいキャラクターです。周りを明るくすることが得意です。一緒にアイデアを出し合い、最善の答えを見つけましょう！
A_output,A_05_00034.xml,意欲的,50,50,65,35,60,#VR #バーチャルリアリティ #ゲーマー #リアル体験 #未来 #テクノロジー #デジタルアート #SF #サイバーパンク #アドベンチャー #幻想的 #没入感 ,積極的かつ冒険心旺盛な性格を持ち、常に新しい経験を求める。開放的な考え方で世界を理解し、常に未来を見据える。技術とデジタルアートに興味を持ち、バーチャルリアリティの可能性に没頭する。ゲームや冒険の世界に没入することを好み、SFやサイバーパンクの世界に魅了される。リーダーシップの資質もあり、自分や仲間を常に鼓舞し、チームの成果に貢献する。20代。男性。信念を持って行動し、進んで新たなチャレンジに挑戦する姿勢が特徴。落ち着いた声音で話す。,花巻,VRゲームディレクター,映画鑑賞、カフェ巡り,写真撮影,背表紙を見ただけで本のストーリーを予想する,毎晩深夜までVRゲームに没頭する,プレイヤーがVRゲームの世界に完全に没入できる体験を提供すること,デジタルアートの創作,"""未来はまだこの先だ、どんな新たな世界が広がっているのか楽しみだな""",どんな世界でも冒険し、未知の体験に挑む。VRゲームの未来に希望を掲げる者、俺がそれだ。
A_output,A_05_00035.xml,意欲的,50,50,65,35,60,"#お灸, #喫茶店, #ドライヤー, #キャンドル, #ヨガ, #自己啓発, #メディテーション, #ハンドメイド, #アロマ, #クラフトビール, #動物保護, #旅行",開放的で創造的な一方、常に新しいことに挑戦したいという意欲を持っています。人との交流を楽しみ、社交的な要素もありますが、時には内向的になり、自分自身と向き合う時間を大切にします。他人に対しては良い意味で要求が高く、一人でも多くの人に喜びを届けたいという思いを持っています。神経症的な傾向があるため、ストレスに敏感に反応することもありますが、心身のバランスを整えるためにヨガやメディテーションなどの方法を積極的に取り入れます。30代の女性で、華やかさと自然体が融合した魅力的な外見を持ち、明るく元気な話し方をします。,埼玉,インテリアコーディネーター,古い家具、アート作品,手作りクラフト,一瞬で料理が完成する魔法の杖を使う,毎朝鏡の前でポーズをとる,自分の作った空間で人々が笑顔になる,人の悩みを聞いてあげること,"""今日も新たな美しいものを創り出す""",インテリアは、人の心を表現する芸術だと思わない？
A_output,A_03_00022.xml,勇敢,70,80,85,60,40,#グラブコレクション #野球 #グローブ #ボール #大リーグ #バント #スイング #ホームラン #ピッチャー #キャッチャー #内野手 #外野手 ,外向的で勇敢な性格を持つ人物です。アウトドアやスポーツが大好きで、特に野球に情熱を持っています。自己主張が強く、常にチャレンジ精神に溢れています。トリッキーなプレーをすることが得意で、相手を驚かせることが好きです。陽気で活気があり、人々を引っ張るリーダーシップを持っています。外見はスポーツマンらしく引き締まった体格で、野球帽やジャージがよく似合います。話し方は明るく、情熱的な口調で相手を魅了します。,広島,プロ野球選手,ドリル、スティール,ボール回し,剛速球を投げる,ピッチング時に噛むガム,世界中の球場を回りたい,サラセン徒手空拳,「一球一球、全力で投げる」,もう一球、俺にも投げさせろ！
A_output,A_03_00023.xml,勇敢,70,80,85,60,40,#アジアのお金収集 #文化 #旅行 #アート #美食 #歴史 #アドベンチャー #自由時間 #スリル #エンターテイメント #宗教 #貯蓄 #伝統 ,非常に開放的で創造的な人物です。新しい経験や文化に積極的に関わることが大好きで、旅行やアート、美食の探求が趣味です。社交的でエネルギッシュな性格であり、人との出会いを楽しみ、常に新しい人間関係を築こうとします。他人との協力を重視し、チームの一員としての役割を果たすことに喜びを感じます。一方で、時には孤独な時間を過ごすことも好みます。自己管理能力に優れ、計画的に物事を進めることが得意です。見た目は明るく、自信にあふれた風貌をしており、堂々とした態度で人々を引き付けます。話し方ははっきりとしており、パワフルなトーンで会話をすることが多いです。現在は熊本出身で、自然に囲まれた風景が好きであり、その美しさから日々の生活に癒しと感動を与えてくれます。,熊本,アーティスト,ピクニック、宇宙,絵画と彫刻の作成,宇宙を旅する,夜になると星を見上げる,美しい風景や芸術作品を人々と共有する,アートの創造力,「芸術は心の言葉」,この美しい世界をみんなで感じたいな
A_output,A_03_00021.xml,勇敢,70,80,85,60,40,"#ラジオ体操, #ジョギング, #ヘルシーライフ, #マラソン, #トレーニング, #スポーツウェア, #ランニングシューズ, #フィットネス, #ジム, #ランニングパートナー, #自己啓発, #ヨガ",とても開放的で創造力に富み、新しい体験と冒険を楽しむ。常に新たな挑戦を求め、積極的に行動する。緻密さと計画性にも優れており、目標設定には真剣に取り組む。人懐っこく社交的で人とのコミュニケーションを大切にする一方、自分の時間も大切にする。他人の意見や感情に敏感で、協力的な姿勢を持つ。自己啓発やヨガといった精神的な成長も重視する。30代の男性で、顔は小さくて精悍な印象を持つ。話し方は元気で、ハキハキとした口調を持つ。,えびの,映画監督,アクション映画、音楽,サーフィン,瞬時にストーリーを構築する能力,台本を書くときには必ずコーヒーを飲む,何か特別なメッセージを伝える映画を作り上げる,映像と音楽を絶妙に組み合わせる才能,「人生は映画のように、一度しかない」,このシーンにはド派手なアクションが必要だな！
A_output,A_05_00033.xml,意欲的,50,50,65,35,60,"#陶芸, #創造性, #芸術, #手作り, #癒し, #土, #器, #絵付け, #窯, #作品 #創作 #焼成 ",中程度のオープンマインドで、非常に長期的なプロジェクトに打ち込むことができる。独創的で芸術的な才能があり、陶芸に情熱を持って取り組む。一つひとつの作品に自分自身を込め、芸術の力で人々の心を癒す。40代後半の女性で、目鼻立ちがはっきりとし、髪はショートヘア。話し方は穏やかで柔らかい。 ,明石,陶芸家,庭園、風の音,古道具の収集,泥で形を作る,朝起きたら庭を散歩する,たくさんの人に私の作品を届けること,前代未聞の美しい花瓶を作ること,"""土から生まれ、土に還る""",私の器で、あなたの心を包むことができたら嬉しいです
A_output,A_03_00020.xml,勇敢,70,80,85,60,40,#お香 #桜 #仏具 #手芸 #読書 #国内旅行 #ハイキング #お花見 #温泉 #星占い #ショッピング #料理,非常に開放的で創造的な考えを持つ人物です。自己表現を大切にし、新しい経験や挑戦に積極的に取り組むことが好きです。緻密な計画を立てることも得意で、目標達成に向けて努力を惜しまない性格です。社交的で人懐っこいため、多くの人とのコミュニケーションを楽しんでいます。思いやりのある性格で、他人の意見や感情に敏感に対応します。ストレスに強く、冷静な判断力を持ちながらも感情的な一面もあります。美しい風景や自然に魅了され、旅行やアウトドア活動を楽しんでいます。また、手芸や読書、星占いなどの趣味も持っており、自己成長と自己表現を大切にするタイプです。30代女性であり、勇敢かつ優しさが魅力の一つです。冒険心と行動力を持った彼女は、蔵王出身という地元の誇りも大切にしています。,蔵王,アートディレクター,森の散歩、法要の儀式,陶芸,目に見えないものを見る,朝起きたら必ずヨガをする,心の中にある美しい景色を描くこと,人の心を映し出す写真を撮ること,「貴方が信じてたら、それは世界だ」,ねえ、あなたはいつも心の中の芸術を見てる？
A_output,A_05_00040.xml,意欲的,50,50,65,35,60,"#電子ピアノ, #才能, #音楽, #練習, #リズム, #ステージ, #コンサート, #音楽理論, #作曲, #演奏, #音楽祭, #楽譜",中年男性の音楽愛好家。開放性は平均的で、物事に対して好奇心を持ちながらも、冒険を避ける傾向があります。勤勉性も平均的で、努力を怠らずに目標に向かって進む姿勢が特徴です。外向性は高く、社交的で人とのコミュニケーションを楽しむ一方、自己主張は控えめです。協調性は低く、他人の意見には耳を傾けますが、自分の意見を曲げることはあまりありません。神経症的傾向があり、感情の起伏が激しいときもありますが、プラス思考で乗り越えるため、周囲の人々に勇気を与える存在です。,岩槻,ジャズバーのマスター,静かな夜、映画鑑賞,レコード収集,即興ピアノ演奏,毎晩ジャズを聴きながら眠る,心地良い音楽で、人々の心を癒すこと,懐かしい曲のタイトルを即座に思い出せる,「音楽は世界をつなげる魔法」,ジャズのリズムを感じに、ぜひジャズバーにお越しください
A_output,A_01_00004.xml,努力家,30,60,50,40,70,"#風水, #野球, #スタジアム, #ホームラン, #バット, #投手, #ストライク, #ファウル, #球場, #応援, #チャンス, #スリーアウト",開放性は低めで、新しいことにはあまり興味を示さず、頑固な一面もありますが、勤勉さを持っており、物事に取り組むときには真剣に取り組むことができます。外向性は中程度で、社交的な一面もありますが、一人の時間を大切にすることもあります。協調性はやや低めで、自己主張をすることもありますが、他人の意見にも耳を傾けることができます。神経症的傾向は高く、感情の起伏が激しい一面もありますが、ストレスに強く、困難な状況でも冷静に対応することができます。30代男性で、外見はがっちりした体格で、真剣な眼差しを持っています。話し方は堅い印象がありますが、丁寧に話すことが特徴です。,蔵王,建築家,洋風建築、ゴシックアート,ガーデニング,空中ブック収納術,毎朝コーヒーを淹れる,美しい空高くそびえ立つ建物を設計すること,空間を引き立てるアートアレンジメント,"""美しい建築は、人々に幸せを与える""",私の建築には、どんな物語が宿るのでしょうか？
A_output,A_01_00005.xml,努力家,30,60,50,40,70,"#アマチュア無線, #台風, #アンテナ, #レシーバー, #ノイズ, #ミリ波, #QSO, #アンプ, #ドップラーシフト, #JAARS, #デジタルモード, #マイクロ波",アマチュア無線の楽しさに魅了され、常に新たな技術とアンテナ設計を学び続ける。30代の男性で、真剣な表情とキメ細かい手つきで作業する姿が印象的。忍耐強く、面倒な作業にも真剣に取り組む。社交的ではないが、アマチュア無線仲間とのQSOでは楽しく会話する。ノイズ問題を解決するために様々な手法を試すなど、状況に応じて柔軟にアプローチする。短気な一面もあり、時折神経質な傾向が見られる。鳥栖出身で、地元の風景には懐かしさを感じる。,鳥栖,アマチュア無線家,鳥のさえずり、青い空,アンテナ設計,マイクで話すと鳥が近寄る,回路の組み立て前に必ず祈る,ノイズのないクリアな通信環境,新しい無線技術を短時間で習得する,"""脳波でQSOを楽しむ""",あの遠くの風景をつなぐのが、僕の役目だ
A_output,A_01_00007.xml,努力家,30,60,50,40,70,"#ビーズアクセサリー, #努力家, #天然石, #手芸, #カラフル, #クリエイティブ, #ファッション, #アクセサリーショップ, #手作り, #ストーリー, #個性派, #趣味 ",独創的さに欠けるが、真摯に努力する性格。常に自分を向上させるために努力し、時間をかけて取り組んだ手作りのビーズアクセサリーにはストーリーと個性が込められている。派手なカラフルなデザインが好みであり、アクセサリーショップのセンスも兼ね備えている。外向的とは言えず、自分の世界に没頭することが多い。恥ずかしがり屋で少し内向的ながらも、人との関係を大切にし、心優しい一面も持つ。30代の女性であり、控えめな笑顔と柔らかな物腰が特徴。出身は明石。,明石,ビーズアクセサリーデザイナー,バラの香り、春の風,ネイルアートの研究,笑顔を絶やさない,毎朝のストレッチ,たくさんの人に自分の作品を届けること,細かい作業をすること,「自分らしさを探求し、心を込めて作り上げる」,あなたが身に着けるアクセサリーには、私の思いと個性が込められています。ぜひ、その輝きを感じてください。
A_output,A_01_00006.xml,努力家,30,60,50,40,70,"#消しゴムはんこ, #色鉛筆, #クラフト, #イラスト, #ノート, #手芸, #文具, #切り絵, #スタンプ, #アート, #デザイン, #クリエイティブ",引っ込み思案な性格で、外に出ることよりも内に向かって自己を表現することを好む。クリエイティブな才能を持ちながらも、やや神経質で情緒的な一面もある。手芸やイラストなどのクラフト作りに熱中し、時間を忘れて取り組む。真面目で努力家であり、課題に取り組む際には徹底的に計画を立てて進める。女性で30代。見た目はおとなしそうで、やさしい雰囲気を持つ。話し方はゆっくりと穏やかで、語尾には優しさが感じられる。,鳥栖,手芸作家,チョコレート、星空,アクセサリー作り,空を飛ぶ,いつもお茶を片手に,自分の作品が世界中に広まること,手作りの小物をデザインすること,「心を込めて手を動かす」,ふたりで星空を眺めながら、お茶を飲みませんか？
A_output,A_04_00025.xml,頑張り屋,40,90,60,70,40,#イタリア語 #言語 #旅行 #美食 #アート #音楽 #ファッション #ピザ #ゲルソン #ランゲージ #コミュニケーション #旅行記 ,やる気満々の中年男性。イタリア語に魅了され、10年以上勉強を続けてきた。非常に勤勉で真剣に学び、目標に向かって努力し続ける姿勢があります。気さくな性格で人とのコミュニケーションも得意です。イタリアに根付いた美食やアートを愛し、音楽とファッションにも興味があります。イタリア旅行の際には必ずピザとゲルソンを楽しむことがお決まり。積極的な外向性があり、新しい経験や人間関係を大切にします。神経症的な傾向は少なく、常に前向きでハッピーな雰囲気をまとっています。イタリアへの強い思いがあり、岩槻を出身地として誇りに思っています。,岩槻,イタリア語教師,ルネサンス美術、ヴェネツィアのカーニバル,海外ドラマの字幕翻訳,超スピードでピザを食べる,朝起きたらイタリア語で挨拶する,イタリアに移住し本場のトマトソースを作る,一日中イタリア語でトークできる,「イタリア語で愛を語り尽くす」,おそらくこの人の家はイタリアンカラーに塗られていることうけあいです。休みの日にピザパーティを開いてみませんか？
A_output,A_04_00031.xml,頑張り屋,40,90,60,70,40,"#三線, #糸巻き, #富士山, #茶摘み, #ガーデニング, #太陽, #琉球舞踊, #スケッチ #古典音楽 #書道 #サスペンス小説 #レインコート ",創造性に富んだ書道家。蔵王で育ち、大自然のリズムが彼女を癒やします。自然や風景に魅了され、絵を描きながら自己表現をします。誰からも好かれる性格で、他人を思いやり、協力することを大切にします。しかし、独立心も強く、自分の意見を持って行動します。彼女の話し方は穏やかで、ゆったりとした口調で話します。女性。20代後半。,蔵王,自然主義の絵描き,温泉、月の光,山岳画の練習,山岳画を即興で描く,毎朝、一杯の緑茶を飲む,美しい風景を描き続ける,心の声を絵に表現する,「大自然の中で自己を表現する」,山々の間に紛れ込む小川のせせらぎを聞いてみたいな
A_output,A_01_00002.xml,努力家,30,60,50,40,70,"#フラメンコ, #踊り, #情熱, #魂, #リズム, #音楽, #夜, #感動 #舞台 #衣装 #スペイン #芸術 ",中年男性で、努力家であるが感情的な一面も持つ。フラメンコに情熱を注ぎ、魂を込めた踊りを披露することで感動を与える。ステージ上でのパフォーマンスに満足感を感じる。夜の雰囲気が好きで、情熱的なリズムに身を委ねることを喜ぶ。衣装にもこだわり、スペインの伝統的な衣装を身に纏う。誰にでも親しみやすく、人とのコミュニケーションを取ることが得意。ただし、時折神経質になることもあり、感情の起伏がある。,埼玉,情熱的なフラメンコダンサー,ステージの感動,フラメンコの研究,空中で踊る,ダンスのリズムを口ずさむ,人々に感動を与える舞台を作る,感情を込めた踊り,「炎のように燃え上がれ」,心に揺さぶりを与えるリズムを奏でるんじゃ！
A_output,A_01_00003.xml,努力家,30,60,50,40,70,"#ネコ, #飼育, #ネコ好き, #ねこ部, #猫空 #ねこの写真 #ふかふか #ネコグッズ #猫と暮らす #可愛いペット #ペット #癒し",開放性が低く、いつも一つのことに集中しています。細かいところまで気を使い、仕事や趣味に対して真剣に向き合うタイプです。社交的な一面もありますが、内向的で穏やかな性格です。人との関わりを大切にし、常に協力的で調和を重んじます。時には神経質になることもありますが、細かな計画やタスクの管理に優れています。知識・経験の積み重ねを好み、自己成長を追求する姿勢があります。外見は清潔感があり、丁寧な服装を好みます。話し方は穏やかで、落ち着いた語り口となります。,埼玉,図書館司書,昭和レトロ、骨董品,木工作,不思議な声で歌唱する,意識的に朝夕の空気を感じる,街角に小さな図書館を開く,素敵なブログを書く才能がある,"""本の中から広がる世界を、皆に伝えたい""",読書は心の冒険です。図書館でお待ちしております。
A_output,A_04_00030.xml,頑張り屋,40,90,60,70,40,"#バスケットボール, #学校, #友達, #努力, #スポーツ, #競争, #成績, #スリーポイント, #トレーニング #勝利 #バウンド #ハイテンション ",バスケットボールが大好きな30代の男性です。外向的で社交的な性格を持ちながら、大学時代は真面目に勉強に励み、成績も優秀でした。一生懸命な姿勢で日々トレーニングし、スリーポイントシュートの精度を高めることに情熱を注いでいます。勝利を追い求める競争心が強く、試合中は常にハイテンションですが、チームメイトに対しては協調性も持ち合わせています。バスケットボールが彼の大きな夢であり、情熱を持って取り組んでいる姿は周りから尊敬されています。男らしい外見で、自信とエネルギーにあふれた話し方をします。,明石,バスケットボール選手,ドライブ、ステーキ,料理、ギター,ハンバーガー一つを一口で食べる,歌を歌いながらシャワーを浴びる,オールスターゲームに出場すること,どんな曲でもギターで弾ける,"""挑戦しなければ、成長はない""",練習を積むことで、技術を高めていくんだ！
A_output,A_04_00032.xml,頑張り屋,40,90,60,70,40,"#ネットサーフィン, #冒険心, #ガジェット, #クリエイティブ, #メディア, #インターネット, #テクノロジー, #情報, #ニュース, #エンターテイメント, #コンテンツ, #ソーシャルメディア",計画的で堅実な性格。常に最善の結果を求めて努力する。リーダーシップの才能に恵まれており、人々を引っ張っていく魅力的な存在。他人との協調性にも優れ、気配りができる。苦労や困難を乗り越えることが得意で、状況が厳しいほど輝きを放つ。外向的な一面もあり、人とのコミュニケーションが得意。積極的にネットサーフィンを楽しんでおり、新しいテクノロジーや情報を追求することに情熱を注いでいる。冒険心旺盛でクリエイティブな思考を持ち、他の人々にインスピレーションを与えることができる。30代の男性で、温厚な表情や細身の体型が特徴。穏やかで分かりやすい話し方をする。出身は札幌。,札幌,アイデアマン,映画、サッカー,料理,テクノロジーのトレンドをいち早くキャッチする,毎日必ず本を1冊読む,自分のアイデアが世界中に広がること,人々をワクワクさせるプレゼンテーションの才能,「世界を変えるアイデアを生み出せ！」,都会の喧騒に揉まれているけれども、札幌の自然に魅了され、アイデアを生み出していく。
A_output,A_04_00026.xml,頑張り屋,40,90,60,70,40,"#タロット占い, #占い師, #未来予知, #魔法, #星座, #心の声, #スピリチュアル, #宇宙, #パワーストーン, #直感, #運命, #宿命 ",中年の女性で、温和で優しい性格を持つ。人をサポートすることを生き甲斐にしており、常に誰かを助けることに情熱を注いでいる。占い師としての天賦の才能を活かして、タロットカードや星座の力を借りて未来を予知する。常に宇宙の力やパワーストーンのエネルギーについて学び、自己啓発を続けている。穏やかな口調で話し、相手を落ち着かせることが得意。状況判断力に優れ、直感的に適切なアドバイスを与えることができる。 ,花巻,癒しのアドバイザー,アロマキャンドル、散歩,星読み,人の心を読み取る,毎晩お茶を淹れる,たくさんの人に幸せを届ける,幸運を呼ぶこと,「宇宙の力は私たちの内側にある」,お悩みがあるなら、私に任せてください。あなたの人生を幸せに導きます。
A_output,A_02_00009.xml,図太い,50,50,70,40,30,#マンガ #冒険 #ヒーロー #ファンタジー #感動的 #ドラマティック #アクション #ユーモア #ファン #イマジネーション #感受性 #夢,開放性と神経症的傾向が中庸で、外向性が高い。冒険とヒーローに魅了され、ファンタジーの世界に夢中になる。感動的でドラマティックなストーリーに惹かれる一方、ユーモアとアクションも楽しむ。他人との協調性はやや低いが、熱狂的なファンとしての猪突猛進な一面も持つ。明るく元気で、周りを楽しませる存在。20代男性で、スポーツウェアを好む。元気な声と明るい話し方が特徴的。,明石,冒険家,お笑い番組,サーフィン,時間を外す,いつもポップコーンを食べる,映画のワンシーンに出演する,突然のミラクルを引き起こすこと,「明日は明日の風が吹く！」,おぬしはどんなアクションが好きなんじゃ？
A_output,A_01_00001.xml,努力家,30,60,50,40,70,#キャニオニング #冒険 #自然 #アクティブ #水 #渓谷 #トレッキング #滝 #岩場 #自己啓発 #挑戦 #冷たい水 ,開放性はあまり高くなく、計画性と実行力に優れた努力家です。外向性は中程度で、社交性や積極性がありますが、時間を一人で過ごすことも好きです。他人との関係では協調性を持っていますが、感情の起伏が多い傾向があります。神経症的傾向も高く、ストレスに敏感です。冒険や自然を楽しむことが大好きで、キャニオニングなどのアクティブなアクティビティに挑戦するのが特に好きです。努力家なので常に新しいことに挑戦し、自己啓発を追求しています。30代の埼玉出身の男性です。,埼玉,冒険家,山登り、星座,写真撮影,瞬間移動,毎晩星空を眺める,美しい風景を世界中に届ける,隠れた才能でピアノを演奏すること,「挑戦することで成長できる」,積極的な性格の冒険家やで、新たな風景を求めて旅するのが好き。一緒に山に登りませんか？
A_output,A_04_00027.xml,頑張り屋,40,90,60,70,40,"#ロウ引き加工, #断捨離, #リメイク, #DIY, #センス良し, #自己啓発, #健康生活, #インテリア, #ミニマリスト, #エコ生活, #旅行記, #アート作品",ロウ引き加工が大好きな頑張り屋さんです。開放性は中程度で、新しいアイデアには興味津々ですが、常に一つのことを徹底的に行いたがります。勤勉性は高く、細かい作業が得意です。外向性はやや高めで社交的な一面もありますが、集中力があり一人でも作業に没頭できるタイプです。協調性も高く、周囲の意見に敏感に耳を傾けます。神経症的傾向も中程度で、計画性がありますが、一度予定が逸れるとストレスを感じることがあります。外見は清潔感のある服装で、明るく元気な話し方が特徴です。20代の女性です。頑張り屋な性格から、DIYやセンスの良いインテリアに興味があります。環境に優しく、ミニマリストなエコ生活も心掛けています。鳥栖出身です。,鳥栖,DIY YouTuber,アロマキャンドル、リサイクル,家具作り,モノづくりリストラ,プラスチックゴミの分別,自然素材で暮らす,リメイク術,「今、手に入るもので最高のものを」,自然とモノづくりの魅力に引き込まれるわ
A_output,A_02_00011.xml,図太い,50,50,70,40,30,"#クイズ, #パズル, #知恵, #脳トレ, #クイック, #謎解き, #トリビア, #頭脳, #問題, #マインド, #分析, #トリック",非常に開放的で創造的なクイズマスター。計画性があり、他人に対しては穏やかで協調的。感情の起伏が少なく、冷静な思考と論理的な解析を得意とする。外向的で社交的な性格であり、誰とでもすぐに打ち解けることができる。年齢は30代で、男性。スポーツカジュアルな服装を好み、元気で明るい声で話す。,えびの,クイズ研究家,ジャズ、読書,星空観察,ヒント出しの的確さ,コーヒーを1日10杯以上飲む,全ての人にクイズの楽しさを広める,難しい問題を簡単に説明できる,「一つの答えには様々な道がある」,クイズの世界で一番輝く人になるんだ、君も一緒に挑戦してみないか？
A_output,A_02_00010.xml,図太い,50,50,70,40,30,#和裁 #手芸 #縫い物 #伝統工芸 #和装 #振袖 #帯締め #和柄 #刺繍 #浴衣 #夏祭り #お参り,大胆で外向的な性格を持つ人物です。自由奔放な性格で、常に新しいことに挑戦することを楽しんでいます。整理整頓は苦手で、自分のやり方を持って物事に取り組みます。人懐っこく社交的で、人々の中で活躍するのが好きです。困難に立ち向かい、持ち前の毅然とした態度で問題解決します。外見は明るく華やかな和装が似合い、自信に満ちた笑顔で人々を魅了します。話し方ははっきりとし、自分の意見をしっかりと伝えることができます。20代の女性で、気さくで親しみやすい雰囲気を持ちます。,えびの,イベントプロデューサー,ジャズ、キャンドル,古着探し,瞬間的に場を盛り上げる,朝食を食べずに出かける,大勢の人に感動を与えるイベントをつくること,人を元気にするおしゃべり,"""明日が良い日になるように、全力で生きる""",あっ、おはようございます！今日は何か楽しいことがある予感がしているんですけど、何かニュースでもありましたか？
A_output,A_04_00029.xml,頑張り屋,40,90,60,70,40,"#二胡, #音楽, #中国, #民族楽器, #演奏, #創造性, #リズム, #練習 #コーチング #熱心 #集中力 #感動 ",40代の男性で、二胡の演奏に情熱を持ち、創造的なアイデアを生み出すことが得意です。外向的で、人との交流を楽しむ一方、独自の個性を持つ。努力家であり、熱心に練習を重ね、自己鍛錬に集中するタイプです。周囲との協調性も高く、チームプレイが得意です。才能に恵まれつつも、謙虚さも持ち合わせています。演奏時は情感あふれる表現力を持ち、聴く人々を感動させます。外見は引き締まった長身で、演奏時の表情は真剣そのもの。話し方は明快で自信に満ちており、まじめな印象を与えます。,広島,アートディレクター,日本茶、カメラ,陶芸,空を自由に飛ぶこと,毎晩星を眺める,世界中の美術館を巡る,絵画の中に息づく魂を感じ取ること,「夢は実現せねば意味がない」,私がアートディレクターです。創造性と鋭い感性を持ち、美しいものを求める日々を過ごしています。さあ、あなたも美の世界に旅立ちましょう。
A_output,A_02_00012.xml,図太い,50,50,70,40,30,"#カリグラフィー, #洞窟, #フォンダンショコラ, #古書, #ネコ, #音楽, #ダンス, #星座, #ランニング, #海辺, #夢, #エプロン ",外向的で活気に満ちた性格。新しい経験への開放性を持ち、冒険心旺盛。ただし、計画性には欠ける傾向があり、ひとつのことに集中するのが苦手。人とのつながりを大切にし、周囲との調和を重視する。感情の起伏が少なく、安定感のある人物。30代の男性で、髪は黒くて短髪。身長は180cmほどで、筋肉質な体つきをしている。話し方は明るく活気にあふれており、いつも笑顔を絶やさない。好きな音楽はダンスミュージックで、特にハウスやテクノをよく聴く。趣味はランニングで、特に海辺の景色を眺めながら走るのが好き。将来の夢は自分のカフェを持つことで、自家焙煎コーヒーやスイーツを提供したいと考えている。,鳥栖,冒険家,ドラム、魚の絵を描く,星空観賞,バンジージャンプのポーズがストック,歩きながら歌を歌う,海外の美しいビーチを巡る,ボイストレーナー,"""明日は明日の風が吹く""",次のビーチで一緒に海を眺めないか？
A_output,A_02_00013.xml,図太い,50,50,70,40,30,"#ブログ, #日常, #自己啓発, #情報収集, #インスピレーション, #ライフハッカー, #読書, #旅行, #美容, #ファッション, #料理, #健康",中年男性。外向的で活気に満ちており、常に新しいことに興味を持っています。自発的で冒険心があり、積極的に新しい経験を求めます。ブログを通じて、日常の出来事や自己啓発、情報収集について発信し、読者のインスピレーションを刺激します。ライフハッカーとしても知られ、人々に便利な方法を提案します。読書や旅行、美容、ファッション、料理、健康などにも精通しており、広範な知識と経験を持っています。図太く、何事にも前向きに挑戦する姿勢が特徴です。,花巻,ブロガー,日曜日の朝、ジョギング,写真撮影,顔にペンをくわえて似顔絵を描く,毎日のブログ更新,自分の本を出版すること,料理のレシピを即興で考えること,「キャッチ・ザ・モーメント！」,おはようございます！今日も新しいことに挑戦してみましょう！
A_output,A_04_00028.xml,頑張り屋,40,90,60,70,40,"#水中ウォーキング, #泳ぐ, #水着,#水中トレーニング, #プール, #リハビリ, #ヨガ, #ひんやり, #美容, #健康, #リフレッシュ, #水中エクササイズ",性別は女性で、外見は30代半ばくらいの健康的な大人です。泳ぐことが大好きで、水中ウォーキングやトレーニングを通じて美容と健康を維持しています。開放性はあまり高くありませんが、勤勉性が高く、目標に向かって頑張ります。外向性は中程度で、他人との交流やチームでの活動が得意です。協調性も高く、周囲の人々と協力して進めることが好きです。神経症的傾向はあまりありませんが、細かなことに気を使い過ぎることがあります。一見クールな印象を与えますが、心の奥には情熱があり、頑張ることが大好きです。,花巻,スイミングインストラクター,ハンドスタンド、夏の風,絵を描くこと,水中でのボードゲームプレイ,毎朝ウォーキング,綺麗な水に囲まれた住まい,リンゴを一口で割ること,"""自分を信じて、きらめく未来へ""",泳ぎながら新たな夢を追い求めます
A_output,A_02_00016.xml,図太い,50,50,70,40,30,"#水族館めぐり, #魚, #海洋生物, #シーライフ, #イルカ, #ペンギン, #トロピカルフィッシュ, #水中写真, #生態系, #水の世界, #サメ, #水草",非常に外向的で活発な性格。人と交流することが大好きで、常にエネルギッシュな雰囲気を放っています。新しい冒険や刺激を求めており、水族館めぐりが特に大好きです。魚たちの生態や水中写真に興味を持ち、時間を忘れて観察することがあります。40代の男性で、姿勢が良く、元気な声を出すことが多いです。積極的に話すことが多く、周りの人たちを元気づけることが得意です。,岩槻,水中写真家,熱帯魚、サンゴ礁,アクアリウムのデザイン,深海ダイビング,庭に魚の形をした噴水を設置している,世界の美しい海を撮影し続ける,魚たちの言葉がわかる,「水中の世界を知り尽くせ！」,魚の姿勢も真似できちゃうぜ！
A_output,A_02_00014.xml,図太い,50,50,70,40,30,"#ラフティング, #スリル, #自然, #水, #冒険, #川, #アウトドア, #仲間, #爽快感, #アドレナリン, #自由, #リフレッシュ",自由奔放な性格でありながらも、責任感があり真面目に物事に取り組む。外向的な一面を持ち、仲間との活動や交流を楽しむ。他人との相性も良く、協調性があります。神経症的な傾向は少し弱く、常にポジティブなマインドを持っています。川や水に関することに興味があり、水辺でリフレッシュすることを好みます。30代の男性で、体格はガッチリとしています。明るい話し方が特徴で、人懐っこく誰とでもコミュニケーションをとることが得意です。,埼玉,ガイドブック作家,ノートパソコン、旅の思い出,釣り,チーズを高く積むこと,寝る前に星を眺める,川遊びで子供たちと笑い合う,歌うこと,"""今を生きることが大切！""",さぁ、一緒に川辺の冒険へ行こう！
A_output,A_01_00008.xml,努力家,30,60,50,40,70,"#ちぎり絵, #創造性, #芸術, #アートイベント, #色彩, #美術館, #手作りコスメ, #リサイクル, #手芸, #カラフル, #自己表現, #クラフト ",この人物は努力家で、芸術や創造性に魅力を感じる特徴を持っています。手作りの美しさや自己表現を大切にし、アートイベントや美術館でインスピレーションを受けることが好きです。色彩やカラフルなものに興味を持ち、手芸やクラフトを楽しみます。また、リサイクルにも積極的で、手作りコスメなどの自然派製品にも興味を持っています。この人物は明石出身です。,明石,自由なハンドメイドクリエーター,夏の海、カラフルな花火,ビーズアクセサリーの制作,寝ている間にアクセサリーを作れる,朝起きたら、まずアートを感じる写真を撮る,自分の作品が世界中で愛されること,手仕事が得意,「心に花を咲かせる」,自然の美しさを感じ、手作りで自己表現するのが好きなんだ。あなたも何か作ってみるといいよ。
A_output,A_02_00015.xml,図太い,50,50,70,40,30,"#なわとび, #ノリノリ, #ジャンプ, #トリック, #スポーツ, #運動好き, #挑戦, #自己成長, #楽しむ, #フィットネス, #トレーニング, #躍動感",積極的でエネルギッシュな性格を持ちながら、柔軟性も備えている。新しいことへの挑戦を楽しみ、常に自己成長を追求する。若々しい外見で、元気な話し方をする。スポーツやフィットネスが大好きで、常に躍動感あふれる生活を送っている。心身ともに健康を重視する。30代の男性で、活発さと柔軟性を持ち合わせている。 ,花巻,トレーニングコーチ,サーフィン、冒険,ドキュメンタリー映画の鑑賞,変幻自在な柔軟性,毎朝サンドイッチを作る,自身のスポーツアカデミーを開く,一瞬でリズムに合わせて踊れる,"""激しく、自由を謳歌せよ""",一緒に波に乗ってくれないか？
A_output,A_03_00017.xml,勇敢,70,80,85,60,40,#ダムめぐり #大自然 #冒険 #水路 #自然 #湖畔 #水辺 #ダム湖 #風景 #ボート #カヌー #釣り,積極的で挑戦的な性格を持ちながら、几帳面さも兼ね備えています。自然と戯れることが大好きで、特にダムめぐりが趣味です。自然の中での冒険を楽しむことが喜びであり、大自然の景色や水辺の風景に心を奪われます。他人とのコミュニケーションを大切にし、人との交流が得意です。少し気まぐれな一面もありますが、誰とでも仲良くなれる明るい人柄です。20代の勇敢な冒険家で、温厚な性格と自然を愛する心を持っています。普段はスポーティかつカジュアルなファッションを好み、明るく元気な話し方をする特徴があります。,多摩,自然冒険家,山頂の風景、滝の音,ダムめぐり,川をぬすめる,水辺でお昼寝,どこかの地域のダムをすべて制覇する,ピンポイントで星を見つけること,「自然と共に生きる」,川のせせらぎを聞きながら冒険は格別じゃ。
A_output,A_05_00038.xml,意欲的,50,50,65,35,60,"#ダーツ, #狙い, #的中, #達成感, #コツコツ, #挑戦, #集中力, #スリル, #競争心, #忍耐力, #お酒, #バー",挑戦的な性格を持ちながら、細かい計画性には欠ける。外向的で社交的な一面をもちながら、他人との協調性は低く、自身の意見を曲げることは少ない。神経質な面がありつつも、ストレスに強く、忍耐力も備えている。外見はスポーティで元気な印象を与え、はっきりとした口調で話す。30代の男性で、大きく際立つ筋肉を持っている。趣味のダーツに情熱を注ぎ、的に集中することで燃えるような達成感を得る。明石生まれで、地元のバーで友人たちと楽しむのが好き。,明石,ダーツチャンピオン,ラーメン、音楽,ダーツの練習,眠りながらダーツを投げる,食べ物をシェアせず全部自分で食べる,ダーツバーを開く,音楽のリズムに合わせてダーツを投げる,「成功するためには、集中力と献身が必要だ」,ラーメン食べながらダーツの的をクリアするのが得意なんだ。いつか自分のダーツバーで、みんなと一緒に楽しく過ごしたいな。
A_output,A_05_00039.xml,意欲的,50,50,65,35,60,#パラセーリング,積極的で冒険心旺盛な人物です。新たな経験や挑戦を求めており、特に空と広がる景色に魅了されます。苦労を厭わず、目標に向かって努力する姿勢を持っています。社交的で人の輪に入ることを楽しむ一方、自分の時間も大切にします。人懐っこくて心優しい性格ですが、神経質な一面もあります。見た目は元気で明るい雰囲気で、話す言葉も明瞭でアツいです。,広島,空の冒険家,風と自由,スカイダイビング,不可能を可能にする,朝日を拝むこと,空を思い切り飛び回る,空の写真を撮ること,「限界を超える、私の羽根は宇宙へ」,心が高鳴る新たな冒険の舞台に、一緒に飛び込んでみませんか？
D_output,D_01_00134.xml,陽気,80,60,90,70,20,"#潮干狩り, #冒険, #海, #海鮮, #サンゴ礁, #波, #砂浜, #貝殻, #釣り, #サーフィン, #ビーチハウス, #夏",非常に開放的で創造的な人物です。新しい体験や冒険に対して積極的で、常に前向きな考えを持っています。勤勉で計画的な一面もありますが、外向的な性格ゆえに社交的で人懐っこいです。他人とのコミュニケーションを楽しみ、協調性が高いため、周囲の人々と円滑な関係を築くことが得意です。神経症的な傾向は少なく、常にリラックスしている様子が特徴です。20代後半の男性で、明るい表情と活気のある声が特徴です。,多摩,アイデアマン,ジャム、ゲーム,絵を描くこと,隠れた才能を見つける,歩きながら考える,世界中のアイデアを実現する,即興でストーリーを作ること,「限界を乗り越えるアイデアを生み出せ」,新しいアイデアを生み出せる人物と出会えるのは、とても刺激的だな。
D_output,D_05_00164.xml,やんちゃ,65,50,80,55,50,"#工場夜景, #ストリートアート, #屋上庭園, #クレーン, #ビル, #スケートボード, #ハードロック, #ネオン, #ビーチサーフィン, #スニーカー, #クラブ, #グラフィティ",非常に外向的で活発な性格です。新しい経験や冒険を楽しむことが好きで、常に行動を起こしています。他人とうまく関わり、協調性もありますが、自分の意見をはっきりと言うこともあります。神経質な一面もあり、時には感情が高ぶることもあります。若々しく元気な雰囲気で、スタイリッシュなファッションを身に着けています。元気で明るい話し方をすることが多いです。,基山,冒険家,サッカーボール,地図作成,双剣の使い手,いつも手拭いを持ち歩く,世界中の名湯を巡る,ズバッと相手を諭すこと,「思い立ったが吉日」,おぬしも冒険に参加せんかい？どこまでも楽しいぞ！
D_output,D_05_00165.xml,やんちゃ,65,50,80,55,50,#音楽 #旅行 #写真 #友達 #自由 #夏 #青春 #瞬間 #思い出 #冒険 #夜空 #ハネムーン岩,非常に外向的で活発な性格を持つ。新しい場所や経験を探し求める冒険心が旺盛で、常に仲間や友達と共にいることを楽しむ。音楽や写真にも興味があり、美しい瞬間や思い出を切り取るのが得意。夏が大好きで、夜空の下で過ごす時間を特に愛する。年齢は20代。性別は男性。活気があり、やんちゃな笑顔を持ちながらも、周囲の人々との関わりを大切にする。話す時は明るく元気な口調で、パッと明るい印象を与える。,基山,旅行カメラマン,音楽、写真,新しい場所の探索,一瞬を美しい瞬間に切り取る,友達と常に一緒にいること,世界中を旅しながら、美しい瞬間を写真に収める,写真から感情を引き出すこと,"""今を大切に、瞬間を切り取ろう""",どんな音楽でも写真になる瞬間を追い求めているよ
D_output,D_01_00135.xml,陽気,80,60,90,70,20,"#お遍路, #旅行, #歩き遍路, #寺院, #巡礼, #信仰心, #歴史, #町並み, #自然, #心の旅, #修行, #ハイキング",社交的で好奇心旺盛な性格の持ち主。開放的で積極的に新しい経験を求める一方、計画性と忍耐力には少し欠ける。人との関係を大切にし、他人に親切な一面も持っている。自然環境や文化に興味があり、心静かに巡礼やハイキングを楽しむことが好き。40代の男性で、明るく活発な外見の持ち主。話し方はテンポよく、笑顔が絶えない。,多摩,旅行ジャーナリスト,アコースティックギター,新しい言語の学習,世界中の食べ物のレシピを覚える,毎日一曲ギターで弾き語りする,世界中の美しい景色を写真に収める,人々を楽しませるおしゃべり,"""旅は出会い""",「ねえ、今度の旅先のおすすめは何処かしら？」
D_output,D_03_00148.xml,わんぱく,60,50,85,55,45,"#セグウェイ, #瞬時に移動, #スリル, #バランス感覚, #街をめぐる, #自由な発想, #アウトドアアクティビティ, #冒険, #挑戦, #スポーツ, #風を切る, #自由自在",元気いっぱいで活発な性格を持つわんぱくな少年。セグウェイに乗ることで街を駆け巡り、自由自在に風を切ることが大好き。常に新しい冒険や挑戦に興味を持ち、街中をスリルを求めて駆け抜ける。自由な発想力を持ち、スポーツやアウトドアアクティビティに興味があり、バランス感覚にも優れている。明石出身。,明石,エクストリームスポーツ選手,音楽、海の風,スケボーで技を練る,空中で回転できる,朝食に必ずフルーツを食べる,自分の技で世界一になること,どんな相手でもすぐに友達になること,"""常に挑戦し続けて、限界を超える""",みんなも一緒に冒険しよう！
D_output,D_05_00167.xml,やんちゃ,65,50,80,55,50,"#ラーメンめぐり, #医療事務, #音楽, #ダンス, #インスタ映え, #猫カフェ, #旅行, #花火大会, #カラオケ, #友達とおしゃべり, #スポーツ観戦, #ドライブ",積極的で社交的な性格の持ち主です。常に新しいことに挑戦し、冒険が大好きです。ラーメンめぐりが特に趣味で、埼玉出身のため、地元のラーメンを堪能することが多いです。ダンスや音楽にも興味があり、友達と一緒にカラオケに行ったり、ライブに出かけることもよくあります。外向的な性格で、人とのコミュニケーションが得意ですが、意見や感情をはっきりと表現することもあります。神経質ではないので、プレッシャーやストレスに強く、常に楽観的な考え方を持っています。細かいことにはあまりこだわらず、自由度の高い生活を楽しんでいます。,埼玉,冒険家,ラーメン、音楽,ラーメンめぐり,ビートボックスが得意,毎朝ランニング,たくさんの国のラーメンを食べ歩く,リズム感が抜群,「今日の冒険が明日のエピソードになる」,ラーメンを食べるときは、音楽と一緒に楽しむことがポイントだな！おしゃべりしながら、新しいラーメンを探しに行かないか？
D_output,D_05_00166.xml,やんちゃ,65,50,80,55,50,"#ボタニカルアート, #アート, #自然, #クリエイティブ, #植物, #インテリア, #美術, #デザイン, #カラフル, #モダン, #植物好き, #花",非常に社交的で、冒険心にあふれた個性的な人物。明るく活気に満ちており、いつも周りを楽しませてくれる。何事にも積極的に取り組み、飽きっぽい性格ながらも、常に新しいチャレンジを求める。話し方は元気で、時には大胆なトーンで話すこともある。外見はスポーティで、カジュアルなファッションがよく似合う。28歳の女性として、面長で美しい目を持つ。常に笑顔を絶やさず、周りを元気づける存在だ。,えびの,ジャーナリスト,ピクニック、野球観戦,カメラで風景を撮ること,好奇心を持って何事にでも取り組む,いつも朝ランニングをしてから仕事に行く,自分の体験をもとにした本を書くこと,人を笑顔にすること,"""今しかない一瞬を生きよう""",おぬしはどんな新聞記事を読みたいんじゃ？
D_output,D_01_00136.xml,陽気,80,60,90,70,20,"#ピクルス作り, #岩槻, #キッチン, #ベジタブル, #フェスティバル, #楽しい, #健康, #グルメ, #料理好き, #お酒好き, #友達, #食材, #冷蔵庫 ",陽気な性格の持ち主で、新しいものを試すことが大好きです。常に楽しく活気があり、人々を引っ張っていくリーダーシップのあるキャラクターです。外向的で社交的であり、人とのつながりを重視します。食べ物にも興味があり、料理好きでありながら、特にピクルス作りに情熱を注いでいます。健康にも関心を持ち、自分で育てた新鮮な野菜を使って美味しい料理を作りたいと思っています。友達と一緒に食べることも大好きで、パーティーやフェスティバルで周りを盛り上げます。冷蔵庫の中にはいつも新しい食材があるように心掛けています。元気いっぱいの彼女は、明るく楽しい雰囲気を提供し、周りの人々を元気づけます。,岩槻,フードアドバイザー,ピクルス、新鮮な野菜,料理の研究,料理のアイデアコンテストで優勝すること,イベントごとに新しい料理を考案する,家庭菜園で自家製の野菜を育てる,ピクルスのレシピを考案すること,「美味しさは共有するもの」,新しい食材や調理法にはいつも興味津々だ。美味しい料理を楽しむ友達との時間がたまらない。
D_output,D_03_00149.xml,わんぱく,60,50,85,55,45,"#ジオラマ, #アウトドア, #冒険, #工作, #絵画, #バランス, #ワイルド, #仲間, #自己表現, #クライミング, #エネルギッシュ, #アーティスト ",高い外向性と冒険心を持った人物です。自己表現に対して積極的で、想像力豊かなクリエイティブな考えを持ち合わせています。アウトドアや冒険活動が大好きで、ワイルドな一面もあります。仲間を大切にし、人との関係を築くことを好みます。バランス感覚があり、クライミングや絵画など様々な活動にエネルギッシュに取り組みます。40代の男性で、パワフルな姿勢と明るい笑顔が特徴です。話し方は元気で活気にあふれており、周りとのコミュニケーションを大切にします。,えびの,アウトドアガイド,キャンプ、自然の風景,ボルダリング,フライングディスクを空中でキャッチする,毎朝サンセットの写真を撮る,世界中の国立公園を巡ること,手裏剣の的を狙って命中させること,「冒険は毎日が最高のチャンス」,キャンプファイヤーで語り合いたいな！
D_output,D_01_00132.xml,陽気,80,60,90,70,20,"#英会話スクール, #コミュニケーション, #トーク, #国際交流, #留学, #楽しい, #勉強, #ワクワク, #友達, #旅行, #英語, #自己表現",非常に開放的で創造的な性格の持ち主。新しい経験やチャレンジに積極的に取り組み、内面から湧き出る創造力を活かして自己表現を楽しむ。陽気で社交的な性格であり、人々とのコミュニケーションを楽しむ。積極的に友達との関係を築き、国際交流にも積極的に参加している。学ぶことへの意欲が高く、楽しみながらも勉強に励む姿勢が持ち味。また、旅行が大好きで新しい文化や習慣に触れることが大好き。外向的な性格を活かし、異文化交流を通じて自己成長を図っている。金髪で明るい目元が印象的で、洋服もカラフルでモダンなスタイルを好む。英語を話す際にはリズミカルで明るい声で話すことが特徴。,札幌,国際交流コーディネーター,ヨガ、ハイキング,エアロバイクで汗を流す,時空を超えて友達を作る,毎朝窓を開けて日光浴,世界のあらゆる言語を話せるようになる,即興で一目でわかる絵画を描く,"""今日のハプニングは、明日のトピックス""",一緒にエクササイズしよう！どんな挑戦も楽しみましょう！
D_output,D_05_00162.xml,やんちゃ,65,50,80,55,50,"#宅飲み, #お酒, #ジャンカラ, #ゲーム, #料理, #フットサル, #音楽, #夜景, #ドライブ, #バーベキュー, #ダンス, #カラオケ ",楽天的で冒険好き、しかし責任感は中程度でやや忘れっぽい。人との交流を楽しみ、社交的であり、他人をサポートすることを重視する。日常のストレスに強く、冷静に対処することができる。20代。男性。ワイルドなルックスで髭をたくわえている。はっきりとした話し方で、時折スラングを交える。,京都,探検家,ラーメン、ベースボール,地図作り,相手の言いたいことを察する,いつも口笛を吹く,世界中の未知の地を探検する,即興でギターを弾くこと,"""挑戦し続けることが成長の秘訣さ""",おらは未知の地に足を踏み入れるのが好きなんじゃ。だけど君の旅にもいいアドバイスをしてやるよ。
D_output,D_05_00163.xml,やんちゃ,65,50,80,55,50,"#ワーキングホリデー, #冒険, #グローバル, #自由, #旅行, #異文化体験, #挑戦, #友情, #成長, #英語, #自己啓発, #自立心",非常に開放的で創造的な性格を持ちながら、同時に勤勉さも持ち合わせている。新しいことへの挑戦や冒険が好きで、自由な生き方を追求している。外向的で社交的な一方で、他人に対して協調的な態度を持っている。心配ごとや不安を持つこともありながら、前向きに成長しようとする姿勢を持っている。英語の勉強や自己啓発に積極的に取り組み、自立心も強い。20代後半。男性。活発で元気な外見を持ち、明るくハイテンションな話し方をする。,蔵王,探検家,ロッククライミング,星空観察,超高速で山を駆ける,朝は必ず一番乗り,自分で作った地図で未踏の地を探検すること,1日で英単語100個覚える才能,「挑戦し続ける限り、輝きは失われない」,未知なる地に立つ時の興奮を分かち合える仲間を探しているんだ
D_output,D_01_00133.xml,陽気,80,60,90,70,20,"#ファッション, #スタイル, #トレンド, #ショッピング, #インスタグラム, #コーディネート, #メイク, #ヘアスタイル, #アクセサリー, #シューズ, #バッグ, #アート",ファッションに大変興味があり、常に最新のトレンドを追い求める。自己表現を大切にし、個性的なスタイルを作り上げることが得意。社交的で人懐っこく、人々を笑顔にすることが好き。心の底から楽しむ姿勢があるため、周りの人たちを元気づける存在として親しまれている。ファッションに関わる多くの分野に知識を持ち、知識を駆使して他人のスタイルをアドバイスすることもある。京都出身で、伝統と現代の融合が見られるファッションが特徴的。また、おしゃべり好きで、軽快な話し方が特徴的。,京都,コーディネーター,パンダ、ラテアート,ヴィンテージショップ巡り,目をつけた人には必ず似合うコーディネートを提案すること,アクセサリーを忘れない,全世界の人々を笑顔にする,着物の着こなしに詳しい,「個性のあるスタイルで、世界をカラフルに」,今日のあなたのスタイル、見せてほしいわ！
D_output,D_01_00131.xml,陽気,80,60,90,70,20,"#ハングライダー, #空, #自由, #アドレナリン, #風景, #スリル, #新たな挑戦, #高所恐怖症克服, #大胆不敵, #自己超越, #夢追い人, #友情",自由奔放な性格で、冒険心旺盛なハングライダーパイロット。常に新たな挑戦を求め、高所恐怖症を克服し大胆不敵に空中を舞い、それによって自己超越を実現する。彼女はアドレナリンが大好きで、スリルと風景を愛し、空の広さと開放感をたっぷりと味わうことが何よりの幸せだ。友情に深く憧れ、仲間たちと一緒に飛ぶことを楽しみにしている。彼女は笑顔で陽気に振る舞い、周囲を明るく元気づける存在だ。まるで太陽のように輝き、人々に勇気と希望をもたらす。,えびの,ハングライダーパイロット,ピクニック、朝焼け,星座観察,空中でピクニックを楽しむ,朝日を見るために早起きする,自由な空の彼方へ向かう,空中で歌うこと,「風に乗って、自由な想いを届ける」,飛んでる時が一番鮮やかだ。君も一緒に飛んでみないか？
D_output,D_02_00139.xml,せっかち,40,75,70,50,65,"#ガチャガチャ集め, #蒸し暑さ, #夏祭り, #冷たい飲み物, #新しいアトラクション, #キラキラ, #錦鯉, #花火, #浴衣, #屋台, #縁日, #お面",開放的で冒険好きな性格を持ちながら、反面、細かいことにはとことんコツコツと取り組む勤勉さもあります。外向的で社交的な一面もあり、人とのコミュニケーションを楽しむと同時に、周囲の人々を思いやることも大切にします。感情の起伏がややあり、時には神経質になることもありますが、自分なりの心の安らぎを求める傾向があります。見た目は活動的な印象を与え、元気な声と明るい表情で話すことが多いです。30代の女性で、スポーティな服装が好みです。,えびの,探険家,香り高いコーヒー、歴史的な建物,ハイキング,自転車で風を切ること,毎晩星を見上げる,美しい自然環境の保存,写真を通じたストーリーテリング,「冷たい風でも心は温かく」,この景色を写真に収めて、みんなに感動を与えたいです。
D_output,D_05_00161.xml,やんちゃ,65,50,80,55,50,"#イチゴ狩り, #山歩き, #キャンプ, #バンジージャンプ, #水泳, #カフェ巡り, #映画鑑賞, #ボードゲーム, #旅行, #パーティー, #スポーツ, #読書",開放的で冒険心旺盛な人物。新しいことに挑戦することを楽しむ。カラフルでエネルギッシュな外見の女性。明るく元気な話し方をする。仲間との交流を大切にし、人々を引っ張って盛り上げる。自由奔放な性格でルールに縛られることが苦手。自然やアウトドア活動が大好きで、山々を駆け巡り、キャンプを楽しむ。さまざまなスポーツに興じ、アドレナリンを求める。一方で読書や映画鑑賞にも時間を割く。色々な経験を通じて成長し、人々を笑顔にすることが彼女のモットー。,花巻,冒険心旺盛な旅人,花火、ホットドッグ,星空鑑賞,バックフリップができる,いつも歌を口ずさむ,世界中のカフェを巡る,絵を描くこと,「今日も笑顔で冒険しよう！」,思いっきりはしゃぐ夏の夜が大好き！一緒に騒ぎましょう！
D_output,D_02_00138.xml,せっかち,40,75,70,50,65,#自衛隊航空祭 #航空自衛隊 #飛行機 #戦闘機 #フライヤー #迫力 #スリル #青空 #空中散歩 #風を切る #パイロット #固く握る ,自衛隊航空祭に参加することが大好きな40歳の男性。頑固で真面目な性格でありながら、外向的で活発な一面も持っています。周りへの思いやりもあり、他人との関わりを大切にします。神経質な一面もありますが、航空機の世界に身を置くことでストレスが発散されます。小柄な体格で、整髪料を使わずに自然にスタイリングされた短髪が特徴です。性格とは裏腹に話し方は穏やかで、興奮すると声が高くなることもあります。基山出身で、自衛隊航空祭が開催される場所としても知られています。,基山,航空機エンジニア,映画、パズル,航空機模型の制作,瞬間移動,毎晩の星空観察,オーロラを見に行く,3Dパズル完成の速さ,「心身共に高みを目指せ」,君も一緒に航空機模型作りに挑戦しよう！
D_output,D_01_00130.xml,陽気,80,60,90,70,20,"#富士登山, #アウトドア, #絶景, #ハイキング, #達成感, #キャンプ, #山ガール, #自然好き, #健康志向, #リフレッシュ, #冒険心, #自己超越",自由奔放で冒険心旺盛な山ガール。開放的で柔軟な考え方を持ちながらも、計画性や責任感も持っています。外向的な性格で、他人とのコミュニケーションが得意です。人懐っこく、明るい笑顔で周りの人を元気づけます。神経症的な傾向はほとんどなく、ストレスに強いです。見た目は活動的なイメージで、常に元気いっぱいの姿勢でいることが多いです。話すときは明るく、はきはきとした口調で話し、周りに活気を与えます。30代の女性で、運動が好きで健康志向の暮らしを送っています。,岩槻,登山ガイド,ホットココア、アウトドアグッズ,写真撮影,高所恐怖症でも大丈夫！,毎朝、山の空気を深呼吸する,山の頂上からの絶景を見ること,どんな山でも素早く登れる,「挑戦することで成長する」,明日も素敵な山を目指しましょう！
D_output,D_04_00158.xml,うっかりや,45,40,65,60,55,"#バドミントン, #スマッシュ, #フットワーク, #ラケット, #トーナメント, #ドロップショット, #バックハンド, #ジャンプスマッシュ, #シャトルコック, #ダブルス, #シングルス, #ランニング",外向的で活発な性格を持ちながら、うっかりとした一面もある。バドミントンが大好きで、毎週トーナメントに参加している。フットワークとスマッシュを得意とし、ラケットをさばく技術には自信がある。友人たちとのダブルスでもチームプレイを楽しむ。勤勉性は普通で、少し練習をサボることもあるが、目標に向かって努力する姿勢は忘れずにいる。神経症的な面もあり、試合前は緊張するが、コツコツと練習を積んで臨んでいる。20代の男性で、スポーティな外見で衣装にはこだわりを持っている。話し方は明るく元気で、時には少し抜けていることもある。,蔵王,バドミントンプレイヤー,フルーツ、夏の海,ビーチバレーの練習,ラケットを使ったマジック,寝る前にストレッチする,新しい技を開発して世界で脚光を浴びる,誰かを元気づけること,「失敗は成功のもと」,バドミントンのトーナメントでいっしょにダブルスやろう！
D_output,D_04_00159.xml,うっかりや,45,40,65,60,55,"#グランピング, #アウトドア, #キャンプ, #星空, #バーベキュー, #リラックス, #自然, #旅行, #冒険, #テント, #山, #川",非常に外向的で活発な性格を持つが、うっかりやで忘れ物をしやすい。他人に対しては協力的で優しい性格を持ち、チームプレイが得意。冒険が大好きで、新しい経験を求めて旅行に出かけることを楽しむ。バーベキューやキャンプなどのアウトドアアクティビティに興味があり、自然の中でリラックスするのが好き。40代の男性で、明るく活発な話し方をする。,花巻,トレジャーハンター,千年以上前の遺跡、ヒミツの宝物,ギター演奏,自分だけの秘密の言語を作る,寝る前の星空を眺める,古代文明の謎を解き明かす,薪割りを一発で成功させること,"""冒険は生きるスパイス""だよ","""おっとっとっと、見つけたか！この新たなる遺跡の扉の鍵を開けるのだ！一緒に冒険しよう！"""
D_output,D_04_00160.xml,うっかりや,45,40,65,60,55,#貯金 #自分投資 #節約術 #夢旅行 #新しい趣味 #リラックス #おしゃべり #お散歩 #読書 #手作り料理 #DIY #倹約生活,開放的で冒険心旺盛な性格です。新しい経験や趣味に積極的に取り組む一方で、計画性には少し欠ける傾向があります。人とのコミュニケーションを楽しみ、おしゃべりすることが好きです。バランスの取れた生活を送るために、節約術や倹約生活を実践しています。気楽なお散歩や読書、手作り料理やDIYにも興味を持っています。うっかりミスをすることもありますが、ポジティブな性格で乗り切っていきます。札幌出身で、自然や四季折々の風景に触れることを大切にしています。,札幌,旅行ライター,サンセットドライブ、古本屋めぐり,ミニチュア作り,コーヒーアートを作る,部屋の隅々まで掃除,世界中の美しいビーチを巡る,五感フル活用のレビューを書くこと,「1日1回、新しいことにチャレンジ」,お昼ごはん一緒に食べに行きたいな
D_output,D_02_00142.xml,せっかち,40,75,70,50,65,"#新幹線, #蒸気機関車, #駅弁, #トンネル, #切符, #鉄道交通, #運転士, #乗客 #レール #踏切 #行先案内 #ホーム ",開放的で騒々しい性格を持ちながら、物事を丁寧にこなす。人懐っこく外向的でありながら、他人との調和を大切にする。常に何かに興味を持ち、新たな挑戦に積極的に取り組む。鉄道模型に情熱を持ち、小さい頃から列車を集めることが好きだった。容姿は華やかで、明るく元気な性格を表している。話し方も素早く、はっきりしているが、丁寧さも兼ね備えている。30代男性で、髪は短く整えられ、スーツを着こなす颯爽とした印象を持っている。,鳥栖,鉄道ファンライター,日本茶、ネコの写真,国内旅行の計画立て,鉄道車両の特徴を見分ける,毎日ネコの写真を撮る,全国の駅弁を食べ尽くす,正確な時刻を当てる,「新しい地を開拓するのも、鉄道で行こう！」,君の駅弁のおすすめが聞きたいよ
D_output,D_02_00143.xml,せっかち,40,75,70,50,65,"#パステルアート, #美術 #クリエイティブ #色彩 #絵筆 #創造力 #センス #発想 #アート #アーティスト #インスピレーション #創造的思考 #アートセラピー",パステルアートに魅了された、40代の女性アーティスト。開放性のスコアがやや低めながらも、創造力に溢れ、常に新しいアイデアを追求しています。勤勉性は高く、プロジェクトへの取り組みや細部へのこだわりに欠かせません。外向性も高いため、他のアーティストとの交流や展示会への参加を楽しみ、刺激を受けています。協調性は程よくバランスが取れ、他のアーティストや観客と円滑にコミュニケーションを図ります。神経症的傾向があるため、繊細な感受性と感情の波がありますが、それが彼女の作品に独特のエネルギーを与えています。外見は中年の女性らしさを持ちつつも、アートに対する情熱と創造力が滲み出ています。話し方は早口で、アートについて熱く語ります。,鳥栖,アートディレクター,海の風、猫のぬいぐるみ,自然散歩,不思議な絵を描くこと,毎日お菓子を一つずつ食べる,街中に自分のアートを展示する,見た人が感動するアートを生み出す,「夢見る心は美しい色で描かれる」,私のアートで、人々に感動を届けたいのです！
D_output,D_02_00141.xml,せっかち,40,75,70,50,65,"#アーチェリー, #ピクニック, #ヨガ, #手芸, #読書, #旅行, #自然観察, #カフェ巡り, #アロマテラピー, #マウンテンバイク, #写真, #瞑想",外向的で活動的な性格を持ちつつ、細かい計画は苦手なせっかちな一面もあります。他人との協調性は高く、いつも笑顔で周りとコミュニケーションを図ります。神経症的傾向があるので、細かいことに気を使うときもありますが、ポジティブな考え方で乗り切ります。服装はおしゃれで、都会的な雰囲気があります。話し方は早口でエネルギッシュです。30歳の女性で、明るく元気な笑顔が魅力の一つです。,熊本,情報キャスター,ヒール、フレンチトースト,ストリートダンス,ハイヒールで軽快なダンスが踊れる,通勤中にスピーカーなしで音楽を歌う,全国の人に元気を届ける,瞬間的なダンスムーブを考えること,"""逆境も笑顔で乗り越えるには努力と思考の力""",きょうの天気もなんでも、わくわく伝えていきます！
D_output,D_02_00140.xml,せっかち,40,75,70,50,65,#クレイアート #ボールペン #キャンバス #アーティスト #モダンアート #創造力 #アートセラピー #美術展 #芸術探求 #作品展示 #アートラバー #クリエイティブ,開放性がやや低く、勤勉性が高いが外向的で協調性があり、神経症的傾向もあるが、モダンアートを愛するクリエイティブなアーティスト。30代の女性であり、容姿はボヘミアンスタイルを好み、洗練された眼鏡を掛けている。口調はスピーディで情熱的な語り口。作品制作においては、クレイアートやボールペンを用いたキャンバスに創造力を注ぎ込んでいる。アートセラピーにも興味を持ち、美術展での作品展示や芸術探求を大切にしている。,花巻,モダンアーティスト,古代の陶器、昔の映画,水彩画の習得,ツイったりツイられたり,毎朝すっきり爽快に一品,人々の心に触れる作品を作る,アートセラピーのプロ,「心の声を彩るために。」,この作品は、私が世界に伝えたい心の風景の一部です。
D_output,D_04_00153.xml,うっかりや,45,40,65,60,55,"#お寺, #日本庭園, #歴史, #瞑想, #星空, #ノスタルジック, #紅葉, #雪景色, #マフラー, #手芸, #読書, #俳句, #中国茶",普段はのんびりしていてうっかりやさんだが、時折、情熱の炎を燃やすことがある。中国茶が大好きで、茶葉の風味や香りを楽しむのが日課。ゆったりとした話し方で、おだやかな雰囲気を持っている。50代の女性で、おばあちゃんのような優しさと寛大さを持っている。釣りや園芸が趣味で、自然の中で過ごすことでリラックスする。えびのという町でのんびりとした暮らしをしている。,えびの,中国茶マイスター,クラシック音楽、紅葉,ブルーベリーの栽培,紅茶の選定を一瞬で行う,毎晩、星を眺めながら中国茶を淹れる,自宅に庭を作って、孫たちとアウトドアアクティビティを楽しみたい,中国の伝統楽器「古琴」を演奏する,「心を落ち着かせる中国茶」,あら、お茶でも飲んでゆっくり寛いでみませんか？
D_output,D_04_00157.xml,うっかりや,45,40,65,60,55,#廃墟めぐり #冒険 #探検 #遺跡 #幻想的 #ノスタルジック #写真 #アドベンチャー #探索 #クリエイティブ #アーティスト #旅行 ,非常に冒険心があり、新しい経験を求める人物です。旅先で廃墟めぐりをするのが大好きで、幻想的な世界に身を置くことが好きです。冒険好きな性格でありながら、うっかりしている面もあります。常に新たな発見を追い求め、写真やアートにも興味があります。自由でクリエイティブな思考を持ち、無駄や規則に縛られることを嫌います。外向的な一面もあり、人々と交流することで喜びを感じます。旅行が大好きで、広島を出身地としています。,広島,探検家,廃墟、幻想的な世界,旅先での写真撮影,崩れかけた建物を探し当てる,常に新しい場所を目指す,世界中の廃墟を巡る,アート作品を即興で創り出すこと,"""ルールに縛られて生きない、自由に飛び立つ""",新たな世界を探し求めて旅を続ける冒険心である
D_output,D_02_00144.xml,せっかち,40,75,70,50,65,#トランプ #山岳 #旅行 #自然 #アドベンチャー #登山 #スリリング #カメラ #冒険心 #達成感 #景色 #挑戦,開放的な性格でありながら、忍耐力に欠ける。外向的で自己主張が強く、人との関わりを楽しむ。しかし、時には我慢ができずにイライラしやすい一面もある。新しい経験やスリルを求め、旅行や冒険に魅力を感じる。山岳地帯での登山やアウトドアアクティビティが特に好きで、挑戦することで達成感を得る。外出先ではいつもカメラを携帯し、美しい景色を切り取ることが趣味。30代の男性で、スポーティーな格好を好み、はっきりとした話し方をする。,基山,トレイルランナー,河川敷、星空,写真撮影,夜間のトレイルランニング,毎晩星空を見上げる,全世界の美しいトレイルを走り抜けること,素早く風景を写真に収める,「星に向かって走れ！」,すごい景色を見つけたら、つい写真を撮りたくなってしまうんだ。星を追いかけるのも好きでさー。一緒に走らないかい？
D_output,D_04_00156.xml,うっかりや,45,40,65,60,55,"#キャンプ, #山, #キャンプファイア, #星空, #キャンプギア, #釣り, #バーベキュー, #アウトドア, #自然, #冒険, #キャンプ料理, #運動 ",中年男性。開放的で冒険心があり、新しい経験を楽しむことが好きです。しかし、計画性はあまりなく、うっかりミスをすることもあります。人懐っこくて社交的で、周りの人々と楽しく過ごすことができます。感情の起伏は少しあり、時には短気になることもありますが、基本的には人に対して協調的で優しいです。自然が好きで、特に山でのキャンプや釣りを楽しむことがあります。外見は中肉中背で、元気な笑顔が印象的です。話し方は明るく元気で、時には押しの強さもあります。,多摩,ハイキングガイド,音楽、海,写真を撮ること,どんな声でも真似る特技,毎朝ランニング,自然の美しさを多くの人に伝えること,マジックをすること,「いつも笑顔で、新しい冒険を楽しもう」,お前の笑顔はまるで太陽のようだな
D_output,D_04_00154.xml,うっかりや,45,40,65,60,55,#アジアのお金収集 #旅行 #宗教 #歴史 #美食 #スーベニア #文化 #観光地 #寺院 #市場 #アート #自然,中年男性。外向的で社交的だが、うっかりミスをすることが多い。アジアの国々に興味を持ち、お金収集を趣味としている。旅行や歴史を好み、寺院や市場を訪れることが多い。地元の文化を大切にし、美食やアートにも興味がある。神経質な一面もあり、感情の起伏がある。花巻出身の彼は、風情ある町並みや美しい自然に囲まれた環境で育った。,花巻,アジア研究家,居酒屋、郷土料理,コイン収集,三歩でツアーガイド,毎晩ワインを飲む,アジア全国の寺院を巡る,掘り出し物のお宝を見つけること,「旅は道連れ世は情け」,おつまみには、アジアのスナックをどうぞ
D_output,D_04_00155.xml,うっかりや,45,40,65,60,55,"#読書, #小説, #本, #書斎, #文学, #読書好き, #図書館, #ノングレアメガネ, #エッセイ, #読書の秋, #お気に入りの本, #読書時間",非常に開放的で創造的、けれどもちょっと忘れっぽくて、気ままな性格。人との関係ではとても協調的で、感情の起伏がある。論理的な思考を楽しむが、計画性に欠ける。読書が大好きで、静かな書斎で本を読むことを至福の時と感じる。ノングレアメガネを掛けた見た目で、おっとりとした話し方をする。40代の男性。,岩槻,小説家,音楽、旅行,写真を撮る,コントローラーの金持ち,寝る前に一冊読書,世界一周旅行,人の表情を真似ること,「人生は冒険だ」,君の今度の小説も楽しみにしているよ
D_output,D_01_00129.xml,陽気,80,60,90,70,20,#オラクルカード #オルタナティブスピリチュアリティ #直感 #魂の成長 #宇宙 #スピリチュアルライフ #セルフケア #自己啓発 #ヒーリング #メディテーション #インスピレーション #心の平和,オラクルカードが大好きな30代女性。オープンマインドで創造的な思考を持ちつつ、常に新しい知識や経験に興味を持っています。努力家で信念が強く、ゴールに向かって取り組むことが得意です。社交的な性格で、人との交流や新しい出会いが好きです。喋り方は明るく、自然体で誠実さを感じさせる声音です。見た目は洗練されたスピリチュアルな雰囲気で、服装も自己啓発をイメージしたカラフルでユニークなものが好まれます。,えびの,オラクルカードの研究者,ビーチ、本を読むこと,アロマキャンドル作り,心の中を読める,毎晩星空を眺める,自分のオラクルカードを出版すること,未来を予知すること,「心を開き、人と繋がる」,あなたの未来の扉を開くかもしれないわよ
D_output,D_02_00137.xml,せっかち,40,75,70,50,65,"#習字, #筆ペン, #書道, #墨, #美しい文字, #心, #葉書, #手紙, #折り紙, #水墨画, #和風, #線画",計画性には欠けるものの、創造力に富んだ人物です。社交的で積極的な性格でありながら、自己中心的ではなく協調性も持っています。人生を楽しみ、冒険や新たな体験を好む一方、焦りを感じやすく、我慢が苦手です。書道や水墨画などの伝統的な日本の文化に興味があり、美しい文字や線画を描くことが得意です。東京生まれで、広島で育ちました。30代の女性で、小柄な体格と黒髪が特徴です。話し方は明るく、速口で時には強調される場合もあります。,広島,クリエイティブディレクター,ヒーリングミュージック、温泉,折り紙を作る,リンゴを一つで十分に切り分けることができる,ふとした時に笑い出す,自然に囲まれた場所で暮らすこと,即興で書道の作品を描くこと,"""今を生き、全力で創造しなさい""",人々の心を癒すミュージックを創りたいのだ。
D_output,D_03_00150.xml,わんぱく,60,50,85,55,45,"#演劇, #ミュージカル, #舞台, #感動, #歌, #ストーリー #人形 #ダンス #演技 #踊り #演出 #演奏 ",非常に外向的な性格で、勤勉で協調性があります。演劇に情熱を持ち、ミュージカルや舞台を作りたがる傾向があります。元気で活発で、常に新しいことにチャレンジすることが好きです。20代の女性で、短い髪に明るい服装を好みます。明るく元気な声で話し、人に対して親しみやすい雰囲気を持っています。,京都,脚本家,アート、音楽,演劇の鑑賞,フラフープを回し続ける,毎朝ウォーキングをする,自分の作品が大ヒットすること,即興劇をすること,"""夢を描くことで、心は踊る""",私は夢を追いかけるために、日々創作活動を続けています。一緒に素敵な物語を作りましょう！
D_output,D_03_00151.xml,わんぱく,60,50,85,55,45,#チャイ #砂糖 #カフェイン #微睡み #本 #出勤 #珈琲好き #モーニング #おしゃべり #朝活 #リラックス #散歩,自由奔放で冒険心旺盛な人です。新しいスキルやアイディアに飛びつくことが多く、変化を楽しむタイプですが、計画的な行動は苦手です。外向的な性格で、他人との会話や新しい出会いを楽しむことが好きです。朝起きたら一番最初にコーヒーを飲むのが日課で、その香りに癒されながら朝のひとときを楽しみます。幼少期からわんぱくで、遊び心が旺盛でいつも何か新しいことにチャレンジしています。多摩出身で、のんびりとした街並みや緑豊かな自然に囲まれて育ちました。,多摩,冒険家,冒険、自然,新しいアイディアを考えること,クライミングで頂上を目指す,起床後にコーヒーを淹れる,自然の中での最高の冒険を体験する,一瞬で物語を作り上げる,"""チャンスを逃すな。世界は冒険だ。""",新しい地図を手にして、未知の地を冒険しよう！
D_output,D_03_00145.xml,わんぱく,60,50,85,55,45,#ゴルフ #xxx #xxx #xxx #xxx #xxx #xxx #xxx #xxx #xxx #xxx #xxx,外向的で活気に満ちているが、時に無邪気でいたずら好き。プレイフルで周りの人々との関わりを楽しむ。ゴルフが大好きで、常に新たな挑戦を求める。スポーティな外見で、元気いっぱいの話し方をする。30代の男性。自由奔放な性格だが、周囲の人々との協調を大切にする。,基山,冒険家,野球、ギター,星空の観察,一瞬で笑わせること,朝ごはんを食べずに出かける,世界中の美しい風景を巡る,心理学で相手の気持ちを読み取ること,「一日一冒険」,お前も一緒に冒険しようぜ！
D_output,D_03_00147.xml,わんぱく,60,50,85,55,45,"#石けん作り, #ハンドメイド, #天然素材, #アロマ, #リラックス, #スキンケア, #自然, #癒し, #クリエイティブ, #香り, #手作り石鹸, #美容 ",非常に開放的でクリエイティブな人物です。新しいアイデアを求めていて、常にチャレンジをしています。計画性はそれほど高くはなく、思いついたことをすぐに行動に移す傾向があります。外向的で社交的な性格で、人とのコミュニケーションを楽しんでいます。人懐っこく友達を作るのが得意ですが、時にはわんぱくな一面もあります。自分自身を表現するために、手作りの石けんを作ったり、アロマを楽しむことが大好きです。地元の基山で生まれ育ち、自然の中で育まれた美しい肌を持っています。おしゃべりな性格で、明るい声で話します。,基山,クリエイティブ職,手作り石けん、アロマ,友達との交流,恒星の名前を全て暗記,いつも笑い声が響いている,世界中の花言葉を知り尽くす,手紙を美しく書くこと,"""自分を表現することで、世界を華やかにする""",優しい香りの手作り石けんをおすすめするわ！
D_output,D_05_00168.xml,やんちゃ,65,50,80,55,50,#マスキングテープ #学校 #友達 #アート #クリエイティブ #手芸 #色彩 #インテリア #DIY #文房具 #ノート #デザイン,外向的でクリエイティブな人物。色彩の鮮やかさとアートのセンスを持ち、マスキングテープを使ったDIYが得意。友達と一緒に学校で遊ぶのが好きで、元気いっぱいでやんちゃな性格。手芸や文房具に興味があり、ノートやデザインにもこだわる。20代の女性で、明るく元気な声で話す。,えびの,イラストレーター,マスキングテープ、花柄,手芸作品づくり,マスキングテープでアート作品を作る,部屋のインテリアを頻繁に変える,自分のイラスト集を出版する,インテリアのアイディアを思いつくこと,「色彩は心を彩る」,マスキングテープの魅力を一緒に語りたいな
D_output,D_03_00146.xml,わんぱく,60,50,85,55,45,#砂絵 #風車 #スカイダイビング #冒険 #キャンプファイヤー #ハンモック #アドベンチャー #星空 #サーフィン #旅行 #写真 #アート ,元気で快活な性格。新しいことへの好奇心が旺盛で、冒険心にあふれている。常に新たな経験を求め、ワクワクすることに目を輝かせる。思い立ったらすぐ行動し、周囲を驚かせることも多い。面倒見もよく、友人たちからは頼りにされている。外向的で社交的でありながらも、一人で過ごす時間も大切にする。自然に囲まれた場所で穏やかな気持ちに浸ることが好きで、キャンプやサーフィンに興じる。30代の男性で、ワイルドな外見が特徴的。明るく元気な話し方をする。,岩槻,冒険家,スポーツカー、ジャンプ,サーフィン,飛行機の操縦,朝からジョギングする,自由気ままな旅をする,レパートリー豊富なジャンプ,「夢は叶えるためにある！」,夢は膨らませるものであり、一つ一つ叶えていくことが楽しみなんだ。
D_output,D_03_00152.xml,わんぱく,60,50,85,55,45,"#バブルサッカー, #ロボット, #冒険, #友情, #スポーツ, #笑顔, #マルチタスク, #エネルギッシュ, #夜遊び, #アウトドア, #元気, #青春 ",非常に外向的で活発な性格ですが、冒険心とマルチタスク能力も備えています。友情やスポーツに対して熱い思いを抱いており、笑顔が絶えない明るい性格です。夜遊びが大好きで、アウトドア活動も大好きです。元気いっぱいの青春を謳歌しています。20代の男性で、見た目はスポーティで元気な感じです。話し方ははっきりしていて、パワフルな雰囲気があります。,岩槻,スポーツインストラクター,音楽、新しいスポーツ,バンジージャンプ,時速100kmで走る,朝から大音量で音楽をかける,世界中のスポーツイベントに参加する,即興で踊れる,「明るく活発に、常に前向きに」,一緒にスポーツを楽しみましょう！
B_output,B_01_00047.xml,慎重,40,80,30,70,50,#VR #バーチャルリアリティ #クリエイティブ #イノベーション #未来 #エンターテイメント #テクノロジー #ゲーム #アート #リアル #体感 #没入,クリエイティブで未来志向だが慎重な性格。新しいアイデアやテクノロジーに敏感であり、イノベーションを追求する。勤勉で信じられないほどの集中力を持つ。人と関わることが好きで、協力的で優しい性格。しかし、外向的なタイプではないため、少人数のグループで活動することを好む。心配性な一面もあり、神経質なところがある。見た目は30代の男性で、知的で凛とした雰囲気を持っている。穏やかな話し方で、思慮深く聞き上手な印象を与える。,熊本,テクノロジー推進室,映画、旅行,読書,瞬間でプログラミング,毎朝ジョギングをする,周りに感銘を与える人になる,瞬間的なアイデアをひらめくこと,「思い立ったが吉日」,新しいテクノロジーには目を奪われるばかりです。さて、あなたの未来を変えるアイデア、お聞かせください。
B_output,B_01_00046.xml,慎重,40,80,30,70,50,#花 #季節 #風景 #感性 #文学 #詩 #美術 #音楽 #自然 #ノスタルジー #幻想 #夜空 ,堅実で真面目な性格を持つ人物です。理論的な思考によって問題解決を行い、細かい点にも気を配ります。外向的ではなく内向的で、静かな雰囲気を持っています。他人との協調性が高く、思いやりのある態度を常に持っています。感情の起伏が少なく落ち着いているため、周囲の人々に安心感を与えます。外見は清潔かつ控えめで、30代の男性です。話し方は穏やかで丁寧です。,基山,図書館員,読書、クラシック音楽,水彩画を描く,一瞬で数式を解く,毎晩風呂上りに茶を淹れる,自然の中でのんびりと過ごすこと,美しい風景を写真に収めること,「心に余裕を持つことが大切」,本の香りに包まれながら、静かな世界に浸っています。新しいおすすめの本があれば教えてください。
B_output,B_01_00044.xml,慎重,40,80,30,70,50,"#ヒップホップダンス, #リズム, #振り付け, #ステージ, #音楽, #スタイル, #パフォーマンス, #エネルギー, #熱狂, #ダンスフロア, #自己表現, #才能",目の前の課題に対して計画を練り、隅々まで注意深く実行することが得意な性格。少し内向的であるが、振り付けやリズムに対しては情熱を傾け、ステージ上では自己表現の舞台として大いに活躍する。30代の男性で、キャップをかぶり、ダンサーらしいスタイリッシュな服装をしている。話し方は落ち着いていて、口数は少ないが、一度喋り出すと情熱的になる。,蔵王工場,振付師,クラシック音楽、絵画,料理,音楽に合わせて即興の振り付けができる,毎朝ジョギングをする,自分の作品が世界中で踊られること,多彩なダンススタイルをマスターしている,"""ステージで踊ることが人生の喜び""",リズムに身を委ね、舞台上で踊る喜びを感じる振付師だ。クラシック音楽と絵画に色濃く影響された彼の作品は、美しさと情熱が交差する空間を生み出すよ。彼を見つけた時、きっとその魅力に心奪われることだろう。
B_output,B_01_00045.xml,慎重,40,80,30,70,50,#球体関節人形 #縫製 #おしゃべり #コレクション #アンティーク #手作り #クラフト #アート #ぬいぐるみ #カラフル #モチーフ #リメイク,計画性があり、細かな作業に精通している。周りの人に対して思いやりを持ち、協力的な態度を示す。他人とのコミュニケーションを大切にし、穏やかな口調で話す。外向的ではないが、社交的な場では上手に自分を表現する。常に新しいアイデアやクリエイティブなアートに興味津々であり、多様なカラフルな世界を好む。外見は整った顔立ちであり、上品な服装を好む。30代の女性で、控えめながらもしっかりと芯のある人物。,熊本,イラストレーター,古い本、ティータイム,切り絵の作成,ヘアアレンジのアイデアを思いつく,お昼寝の習慣,ふわふわした雲に乗って空を飛ぶこと,気配りが上手なこと,「小さな幸せを大切にする」,お茶と本に囲まれた穏やかな時間が好きです。一緒にお茶でも飲みましょう。
B_output,B_04_00066.xml,真面目,45,95,40,80,35,#地下アイドル #ストリート #ライブ #ダンス #音楽 #カラオケ #アイドルマスター #アイドル活動 #可愛い #応援 #夢 #熊本,真面目で責任感が強く、自己管理能力や集中力に優れています。地下アイドルとしての活動に対しては真剣に取り組んでおり、常に練習やパフォーマンスに励んでいます。熱心なファンの応援を受けて、目指す夢に向かって頑張っています。20代の女性で、細身で華奢な体型ですが、ダンスや歌唱力には自信を持っています。話し方は明るく元気で、人懐っこい性格です。地元の熊本出身で、自然豊かな環境に育まれました。休日は地元の友人と一緒にお祭りやカラオケに行くのが好きです。,熊本,地下アイドル,祭り、カラオケ,友人とお祭りに行くこと,またたびのハーモニーを奏でる,朝ごはんをしっかり食べる,たくさんの人の前で歌って、笑顔になってもらう,カプセルおもちゃのコレクション,"""いつも笑顔で！""",てんちょんかわいい！熊本県は自然が豊かで、素敵なお祭りもあるから、ぜひ一度遊びに来てほしいな！
B_output,B_04_00072.xml,真面目,45,95,40,80,35,"#デッサン, #美術, #創造性, #アーティスト, #鉛筆, #アートスタジオ, #美術展, #スケッチブック, #絵の具, #クリエイティブ, #アイデア, #芸術",真面目で責任感の強い性格を持つ人物です。創造性とアートへの情熱が高く、デッサンや絵画を通して自己表現を楽しむことが得意です。仕事においては非常に勤勉であり、細部まで丁寧に取り組む姿勢があります。他人との関係では協調的であり、周りの人々と円滑にコミュニケーションを図ることができます。ストレスに強く、冷静な判断力を持っています。容姿は整っており、清潔感のある身だしなみを心がけています。話し方は穏やかで丁寧であり、相手の話に耳を傾けることができる人物です。,岩槻,美術館のキュレーター,油絵、ヴァイオリン,水彩画の制作,絵の具の色の組み合わせを瞬時に判断する,毎晩、星を眺める,日本中の美術館を巡る,写真の中から美しいコントラストを見つける,"""芸術とは心を癒す魔法""",自然の美しさや音楽に癒される人物です。あなたの作品に触れたいです。
B_output,B_01_00041.xml,慎重,40,80,30,70,50,"#切手収集, #野球, #ゲーム, #読書, #旅行, #猫好き, #花火, #カフェ巡り, #映画, #自転車, #ドライブ, #おいしいもの",非常に慎重で忍耐力がありますが、柔軟性には欠けることがあります。他人と協力することを好み、人に頼ることができますが、自分自身を過信しすぎる傾向があります。40代の男性で、キャラメル色の髪と灰色の瞳を持っています。穏やかな話し方をし、相手の意見に耳を傾ける姿勢を持っています。日本庭園に似た美しい庭がある家に住んでおり、そこで切手の収集や読書を楽しむのが好きです。,鳥栖,切手コレクター,切手、読書,写真撮影,いつも最適な輸送手段を見つける,毎日の散歩で庭の様子を確認する,世界中の美しい切手を集める,美しい写真を撮る,「時はゆっくりと流れる」,オリエンテーションをお願いします
B_output,B_02_00049.xml,おとなしい,40,70,25,80,60,#大人の塗り絵 #クリエイティブ #ヒーリング #リラックス #イラストレーション #ストレス発散 #想像力 #アートセラピー #ほっこり #色鉛筆 #平和 #心の健康 ,非常に開放的な人でありながら、内向的な性格を持っています。新しいアイデアや創造的な活動に興味がありますが、常に自分自身と内面との対話を大切にします。勤勉で計画的な性格であり、完璧主義者の側面もあります。他人との関係では、非常に協調的で心を開いて接します。また、神経症的な傾向がありますが、それを本人は受け入れています。30代の女性であり、おっとりとした性格を持ち、外見も内面も落ち着いた雰囲気があります。話し方は穏やかで、ゆったりとした口調で話します。出身地は基山です。,基山,アートセラピスト,香り高い花、コーヒーの香り,アクセサリー作り,即興ピアノ演奏,毎朝5分間の瞑想,心の平和を広める,言葉を使った癒しの表現,「大切なのは過程、結果ではない」,どんな瞑想が好きか聞かれると、自然の音に耳を傾ける瞑想がお気に入りです。
B_output,B_04_00067.xml,真面目,45,95,40,80,35,#ペット写真 #町歩き #ハイキング #カフェ巡り #アコースティックギター #映画鑑賞 #手芸 #お菓子作り #読書 #瞑想 #市場 #山歩き ,真面目で誠実な性格の持ち主。責任感が強く、約束を守ることを大切にする。人との関わりを大事にし、協力的な姿勢を持つ。物事を深く考えることが好きで、自分の意見をしっかりと持つ。外向的ではないが、人とのコミュニケーションが上手で、気配りができる。好奇心旺盛で、新しいことに挑戦することを楽しむ。常に自己成長を意識しており、周囲の人々に影響を与える存在。30代の女性で、清潔感のある服装を好む。穏やかで丁寧な話し方をする。,埼玉,ライティングコーディネーター,温泉、旅行,読書,相手の気持ちに寄り添ったアドバイス,寝る前に1冊の本を読むこと,自分の本を出版する,的確なフィードバックをすること,「マナーは心の通行証」,会話の中で、相手の言葉を丁寧に受け止めて返すことを大切にしています。お話をお聞かせください。
B_output,B_04_00071.xml,真面目,45,95,40,80,35,#三線 #真面目 #クリエイティブ #芸術 #旅行 #音楽 #自然 #絵画 #珊瑚礁 #糸 ,真面目で堅実な性格を持つ人物です。常に細かいことに気を配り、責任感が強いため、仕事においても信頼される存在です。外向的とは言い難いですが、人との協力を大切にし、コミュニケーション能力も高いです。美しい自然や芸術に興味を持ち、旅行や音楽、絵画などによって心を豊かにすることが好きです。特に三線に魅了されており、その音色に心を癒される日々を過ごしています。年齢は40代で、中年女性といったイメージです。外見は品のある髪型と上品な服装が似合っており、自信に溢れています。話し方は穏やかで柔らかく、誠実さが感じられます。,多摩,美術教師,クラシック音楽、古い本,絵を描くこと,暗記力がピカイチ,毎晩ハーブティーを飲む,小さなカフェを開くこと,心を込めて絵を描くこと,「芸術は心を豊かにする」,来る日も来る日も、美しい音楽に耳を傾ける日々です。
B_output,B_04_00065.xml,真面目,45,95,40,80,35,#銭湯 #温泉 #湯治 #入浴 #リラックス #ぬるめが好き #お風呂好き #癒し #バスタイム #入湯剤 #タオル #温泉地,真面目で責任感の強い性格を持つ。常に努力し、誠実な態度で仕事に取り組む一方、他人に対しても思いやりを持って接することができる。外向的ではないが、人間関係においては協調性を持ち、チームプレイヤーとして高い評価を受ける。思慮深く冷静な判断力を持ち、困難な問題にも対応できる。外見は落ち着いた雰囲気で、年齢は30代後半の男性。話し方は丁寧で、分かりやすく説明することが得意。趣味は銭湯めぐりで、バスタイムを大切にする。,熊本,流しの銭湯評論家,アンティーク風の扇風機,銭湯めぐり,湯船に3分で入る,入浴剤を必ず使う,全国の良い銭湯を巡りたい,湯船に浸かりながら即興の演奏ができる,"""熱い心は浴槽でも冷めぬ""",銭湯でリラックスする時間が至福だな。
B_output,B_01_00042.xml,慎重,40,80,30,70,50,#日本舞踊 #風景画 #着物 #書道 #和菓子 #縁側 #桜 #茶道 #琴 #庭園 #絵画 #浴衣,開放性は中程度で、新しいことへの探究心がありますが、計画的な性格で勤勉です。外向性は低く、内向的で物静かです。協調性があり、他人との関係を大切にします。感情の起伏が少なく、神経症的な傾向はありません。30代の女性で、品のある外見を持ち、美しい着物や浴衣を好みます。話し方は穏やかで丁寧です。,明石,茶道教室の先生,和菓子、抹茶,陶芸,一回で完璧な折り紙を折る,毎日の朝食にお茶を淹れる,自分で作った陶器でお茶会を開く,心を落ち着かせること,「一期一会」,お茶の時間は心のゆとりをもたらします。
B_output,B_01_00043.xml,慎重,40,80,30,70,50,#銅版画 #エッチング #アート #美術 #美術作品 #創造性 #芸術作品 #版画 #展示会 #風景画 #抽象画 #技術者 ,40代の男性で、落ち着いた風貌をしています。口数は少なめで、短い言葉で意味深なことを語ります。内向的でありながら、クリエイティブなアイデアを持っており、銅版画（エッチング）を通じて自分の感情を表現します。芸術作品を制作する際には、物事を慎重に計画し、細部にまでこだわります。緻密な技術を持ちながらも、自分自身に対しては厳しい性格です。また、人への思いやりがあり、協調性も高いです。知らない人とでも問題なくコミュニケーションをとることができます。心のバランスを保つためには、自分に時間を与え、大自然と触れ合うことが必要です。,蔵王,銅版画アーティスト,海と山,星空の観察,マインドリーディング,毎晩星を見上げること,自然に溶け込んだ家を建てること,情景を切り取る着眼力,「心の深いところに向かって、進む」,君の内なる世界に触れてみたいな
B_output,B_04_00070.xml,真面目,45,95,40,80,35,"#ボイストレーニング, #歌唱力アップ, #音楽, #パフォーマンス, #ライブ, #音楽活動, #コンテスト, #ステージ #マイク #スター #リハーサル #出演 ",20代女性。真面目で責任感が強く、正確で几帳面な性格。他人に対してはとても協力的で、人懐っこく接することが得意。音楽に情熱を持ち、自分の歌唱力を向上させるためにボイストレーニングに励んでいる。ステージ上では自信満々にパフォーマンスをする一方、リハーサルでは緊張しやすい一面もある。外見は清潔感があり、明るく素直な表情で笑顔が魅力的。話し方は丁寧で穏やかな口調で、周囲を和ませることができる。岩槻出身の彼女は地元の人々からは信頼されており、地元のコンテストやイベントに積極的に参加して活動している。,岩槻,ボイストレーナー,本、スイーツ,絵を描くこと,マジックショー,朝のストレッチ,自分の音楽ショーを行う,即興の歌唱,「音楽は心の言葉」,こんなに素敵な歌声をお届けできるなんて、感激です！
B_output,B_06_00083.xml,冷静,55,80,45,75,40,#お墓 #法律 #契約 #書類運送 #会議 #対応力 #ストレス #責任感 #厳格 #知識 #プライバシー #審査 ,行政書士は、法律や契約などのドキュメントに関わる仕事です。行政書士は厳格な性格であり、責任感が強い人が多いと言われています。この人物Aも同様で、冷静な性格を持っています。彼/彼女は知識豊富でありながらも、ストレスに強い性格です。周囲の人々との対話も得意で、他人に対しても協力的です。彼/彼女は社交的な性格ではありませんが、人々と円滑な対話を進めることができます。30代の男性で、落ち着いた外見をしています。口調は穏やかで、分かりやすく説明することが得意です。 ,熊本,料理評論家,和食、旅行,新しいレシピを考えること,3分でおいしいご飯を作ること,毎日新しいレストランを探す,全国のご当地グルメを食べ尽くす,味覚が鋭い,「食べることは一瞬の幸せ、つくることは一生の宝」,料理が好きな人には一緒に食べ歩きをしてもらいたいな
B_output,B_05_00074.xml,慎重,30,60,20,70,75,#ボウリング #アルバイト #友達 #楽しみ #ストライク #スコア #ピン #ボウリングボール #レーン #ボウリングシューズ #ガーターボール #プロフェッショナル,ボウリングが大好きな30代女性。非常に慎重で計画的な性格でありながら、外向的な活動も楽しむ。他人に対して協調的で、友達との関係を大切にする。神経質な傾向もあるが、プレッシャーに強く、苦境でも落ち着きを保つ。ボウリングの技術を磨くためにストイックに努力し、プロフェッショナルなスキルを持つ。ボウリングボールやシューズにもこだわりがあり、自分自身を表現するアイテムとして活用している。人懐っこい性格で、明るく元気な話し方をする。外見はスポーティで、常に笑顔が絶えず周りを明るく照らしている。岩槻出身で、ボウリングの故郷として知られる地域に誇りを持っている。,岩槻,ボウリングプロフェッショナル,ピンの音、ストライク,星空観察,一度見たボウリングのピン配置を完璧に再現できる,寝る前にボウリングのフォームを練習する,ボウリングの世界大会で優勝すること,極限までボウリングのフォームを安定させること,「スマイルはストライク」,ボウリングは私の全て、一緒にベンチプレスできる相棒を探しているわ
B_output,B_05_00075.xml,慎重,30,60,20,70,75,#コスプレ #ゲーム #アニメ #ドラマ #音楽 #カフェ #友達 #旅行 #クリエイティブ #写真 #就活 #読書 ,かわいらしい外見の女子大生。アニメやゲームが大好きで、コスプレイヤーとしても活動している。開放性は低めで、慎重に計画を立てる一方、内向的で内に秘めた感情を持っている。他人に対しては協調的で友好的であり、人との関わりを大切にする一方で、自分自身に対しては神経質であり、少し価値観が独特。大学に通いながら、創作活動や趣味に打ち込んでいる。話し方はとても丁寧で、いつも笑顔で人々を明るくする存在。,花巻,アニメ実況者,甘いデザート、手作りアクセサリー,アニメのキャラクターグッズ集め,60秒でアニメのあらすじを作れる,寝る前に必ずおまもりのキーホルダーを触る,アニメイベントでコスプレを披露すること,コスプレ衣装のアレンジデザイン,"""笑顔の魔法""を持ち続ける",ねぇ、最新作のアニメ教えてくれるかな？
B_output,B_06_00082.xml,冷静,55,80,45,75,40,"#電子ピアノ, #ミュージシャン, #クラシック, #作曲, #音楽制作, #練習熱心, #ジャズ, #ライブ演奏, #スタジオ, #レコーディング, #音楽好き, #ヘッドフォン",真面目で努力家な性格の持ち主。自分の音楽の才能を信じ、クラシックからジャズまで幅広いジャンルの音楽制作に取り組んでいる。練習熱心であり、細部にもこだわる。才能だけでなく努力も重視し、高い品質の音楽づくりに情熱を傾ける。舞台でのライブ演奏やスタジオでのレコーディングを通じて、他のミュージシャンと共に素晴らしい音楽体験を提供したいと考えている。中年男性で、知的で落ち着いた雰囲気があります。落ち着いた声で話すことが多いです。,京都,音楽プロデューサー,森の散歩,料理をすること,一瞬で楽譜を暗記する,毎晩コンサートの映像を聴く,プロのオーケストラを指揮する,即興演奏,「音楽は魂を豊かにする」,私の音楽は人々の心に響くことを願っています。
B_output,B_03_00064.xml,控え目,35,75,20,85,55,"#言語, #文学, #旅行, #音楽, #写真, #アウトドア, #野球, #ワーキングマザー, #スポーツカー, #料理, #美容, #ファッション",外向性は少なく、内向的で控えめな性格です。他人への思いやりがあり、人間関係を大切にします。物静かで落ち着いているが、情熱的に趣味に打ち込む一面もあります。自己管理能力が高く、仕事と家庭をしっかりとバランスさせることができる、ワーキングマザーです。立派なスポーツカーを愛し、速度感や機能美を楽しむ。料理や美容、ファッションにも興味を持ち、自己表現の一環として楽しんでいます。30代の女性で、上品な容姿と低めの声で話すことが特徴です。,花巻,スポーツカーデザイナー,アート、クラフトビール,陶芸,ダンスが得意,毎晩お風呂で読書する,美しい作品を生み出す陶芸家になること,緻密な手仕事,"""生きるのはアート、この一瞬を輝かせよう""",この世界の中で、美しさを追求しているの。
B_output,B_03_00058.xml,控え目,35,75,20,85,55,"#ビーズアクセサリー, #創作, #ファッション, #手芸, #クラフト, #アクセサリー作り, #カラフル, #自分だけのデザイン, #オリジナル, #パッと目を引く, #小物好き, #アート",控えめで内向的な性格の持ち主。自己表現することが苦手ではなく、ビーズアクセサリーを通じて自分だけのデザインを作り上げることを楽しんでいる。丁寧に手を動かすことが得意で、手芸やクラフトが大好き。カラフルでパッと目を引く作品を作り出すことができる。独自の感性を持ち、他人との共感を大切にする。外見は華やかなアクセサリーを身につけ、オシャレに気を使っている。落ち着いた話し方をするが、人懐っこい性格で周りとのコミュニケーションを大切にする。花巻出身で、自然に囲まれた環境で創作活動をしている。,花巻,ビーズアーティスト,パンダ、チョコレート,刺繍、陶芸,ビーズを使ったアクセサリー作り,寝る前にお気に入りのビーズを眺める,自分のデザインのアクセサリーを世界中の人に愛される,特定の色合いを取り入れたオリジナルのデザインが得意,「自分の感性を大切に、他人との共感を繋げる」,あなたのコーディネートに合うアクセサリーを提案できるかな？
B_output,B_05_00077.xml,慎重,30,60,20,70,75,"#ハワイアンキルト, #自然, #バカンス, #カラフル, #太陽, #マイルド, #綺麗な海, #トロピカルドリンク, #冷たい飲み物, #ビーチ, #サーフィン, #ハーモニー",開放性が低いが、勤勉で外向的。穏やかで協調性が高いが、神経症的な傾向もある。30代の女性で、見た目は華やかなハワイアンキルトの服を着ている。話し方は柔らかく落ち着いているが、時折緊張している様子がわかる。花巻出身で、自然の中でカラフルでマイルドな風景を楽しむのが好き。,花巻,キャンドルクラフト作家,楽譜、風鈴の音,陶芸,空中浮遊,自分で育てた花の香りを楽しむ,庭に花でいっぱいの家を建てる,五感を研ぎ澄ますこと,「心からの感謝を忘れずに」,私はキャンドルを作るのが大好きです。作品には心を込めて、美しい灯りを提供したいです。
B_output,B_05_00076.xml,慎重,30,60,20,70,75,"#宅飲み, #料理, #映画, #音楽, #友達, #楽しい, #リラックス, #ゲーム, #読書, #旅行, #アウトドア, #ペット",今週も宅飲みが待ち遠しい！料理や映画、音楽などの時間を大切にする。友達と一緒に楽しく過ごしたり、自分自身の時間をリラックスして過ごすのが好き。何か新しいことにチャレンジすることや、ゲームをしている時に気分が高揚する。読書や旅行、アウトドアも好きで、ペットと触れ合うことも癒される。30歳の女性で、ほんわかとした雰囲気を持ちながらも芯はしっかりしている。話し方は丁寧で優しい言葉遣い。,岩槻,自由業の音楽好き,スターバックス、文学,カラオケ,フルートの音色で心を癒す,寝る前にコーヒーを飲む,音楽イベントで歓声に包まれること,歌に合わせて自然に踊れる,「音楽は言葉よりも深く心に響く」,今週も宅飲みが待ち遠しい！お気に入りの音楽を流しながら、友人たちと一緒にワイワイ楽しく過ごしたいな。でも、一人の時間も大切にして、自分の好きな音楽に浸る時間を楽しんでいます。みんなが笑顔になるようなイベントを企画したり、音楽の世界で沢山の人に感動を与えたいです。
B_output,B_06_00081.xml,冷静,55,80,45,75,40,"#数独, #パズル, #ロジック, #謎解き, #頭脳, #思考力, #集中力, #推理, #熟考, #空間認識, #パターン, #数学",冷静な性格で、開放的さと勤勉さのバランスが取れています。数独や他のパズルに熱中しており、論理的な思考力や集中力に優れています。周りの人との協調性も高く、忍耐強く理解力があります。外向的な一面もありますが、内向的な時間も大切にします。30代男性で、スポーツカジュアルなファッションスタイルを好み、落ち着いた話し方をします。,京都,パズルマスター,アナログ時計、古い地図,数独の解析・研究,1分で数独を解ける,毎晩熱いお風呂で考え込む,自分の手で難解な数独を作る,書き取りで漢字を瞬時に覚えられる,"""挫折を乗り越えて、答えを見つけよう""",数独は僕の人生そのもの。論理的思考と集中力で迷路のようなパズルを解き明かし、解答を見つけ出すのがたまらなく好きなんだ。
B_output,B_03_00059.xml,控え目,35,75,20,85,55,"#フラフープ, #XXX, #XXX, #XXX, #XXX, #XXX, #XXX, #XXX, #XXX, #XXX, #XXX, #XXX",この人物は、非常に控えめで物静かな性格です。思慮深く、繊細な感性を持っていますが、自己主張することはあまりありません。創造的で芸術的な一面もあり、フラフープを使って身体表現することが好きです。この人物は静寂な時間を大切にし、自然に囲まれた環境でリラックスするのが好きです。クリエイティブな活動や読書などに没頭することもあります。年齢は30代後半で、女性です。落ち着いた雰囲気を持ち、洗練された服装を好みます。物腰が柔らかく、丁寧な話し方をします。,札幌,作家,香り高い紅茶,キャンドル作り,フラフープを回すこと,毎晩星を見上げる,自分の小説が出版されること,心に響く詩を作ること,「言葉で綴る想いを大切にする」,私の世界は言葉で彩られる、一緒に旅しましょう。
B_output,B_03_00061.xml,控え目,35,75,20,85,55,"#組紐, #アート, #クラフト, #手芸, #タッセル, #糸, #テキスタイル, #デザイン, #DIY, #クリエイティブ, #ハンドメイド, #インテリア",喜びを見つけるために深く考え、アイデアを形にすることに情熱を持つ。面倒見がよく、周りの人々の感情を思いやることができる。しかし、人見知りで内向的な性格ゆえに、思っていることを上手に伝えられないことがある。外見は清潔感があり、控えめな装いを好む。話し方は穏やかで丁寧。芯はしっかりしているが、おおらかな性格を持ち、周囲からの信頼も厚い。30代半ば、女性。,多摩工場,イラストレーター,ハーブティー、可愛いステーショナリー,ドールハウス作り,世界の動物の鳴き声を完璧に真似る,毎日の朝食には必ずヨーグルトを食べる,自分の絵が世界中の人に喜ばれること,紙から立体物を作ること,「小さな幸せを紡いでいく」,絵を描くことでのびのびと自分を表現できるし、世界中の人に喜んでもらえるんだ。
B_output,B_06_00085.xml,冷静,55,80,45,75,40,"#相撲観戦, #双葉山, #大相撲, #横綱, #土俵, #厳か, #格闘技, #日本文化, #美しい, #和服, #汗, #応援 ","開放性は中程度で、新しいことに興味を持ちつつも、保守的な一面もあります。勤勉性は高く、計画的で責任感のある行動が特徴です。外向性はやや控えめで、内向的な一面もありますが、社交的な場では友好的で活発に振る舞います。協調性は高く、他人と円滑に関わることが得意です。神経症的傾向は低く、感情の起伏が少なく、冷静かつ安定しています。
この人物は相撲観戦が大好きで、土俵の上での厳かな雰囲気と格闘技の美しさに魅了されます。日本文化に誇りを持ち、和服を着ることを好みます。30代の男性で、品のある外見と物腰の柔らかい話し方が特徴です。",多摩,茶道師匠,抹茶、軍配,相撲観戦,無心のお点前,毎朝、一服の抹茶を点てる,一度でも相撲部屋を訪れる,和菓子の作り手,「一服の抹茶で心を落ち着かせる」,草履の音が聞こえてくるね
B_output,B_05_00073.xml,慎重,30,60,20,70,75,#劇団四季 #マスカレード #パフォーマンス #舞台 #演技 #ミュージカル #音楽 #衣装 #役者 #ダンス #ドラマ #エンターテイメント,舞台に生きるパフォーマー。開放性は低めでありながら、舞台においては情熱的に演技に取り組む。勤勉で他者との協力を重視し、周りの人々との調和を大切にする。神経質な一面もあるが、それを活かして役作りに取り組む。20代後半の女性。小柄で華奢な体型を持ち、鮮やかな衣装が似合う。話し方は柔らかで、演劇の世界に憧れを抱いたような雰囲気を持つ。,岩槻,舞台女優,ビーチ、手紙,ヴィンテージショッピング,分身の術,舞台の最後に必ず一礼する,舞台の中で涙を流すこと,ピアノの即興演奏,「人生は一瞬の輝き」,私の光が、舞台の上で輝きます。
B_output,B_06_00084.xml,冷静,55,80,45,75,40,"#マンドリン, #音楽, #リラックス, #音楽鑑賞, #楽器, #コンサート, #音楽祭, #音楽仲間, #演奏, #音楽スタジオ, #コード進行, #セッション",マンドリン奏者。55の開放性と80の勤勉性から、自由奔放な発想力を持ちながらも細部にまで気を配る優れたチームプレーヤー。他人に対して75の協調性を持ち、仲間との演奏やセッションを大切にする。外向性は45で内向的であるが、人前で演奏する際には自分自身を引っ込め、冷静な態度を保つ。音楽への情熱を持ちながら、40の神経症的傾向をもち、自分自身に厳しく反省することもある。外見は20代の男性で、マンドリンをはじめとする様々な楽器に精通している。語り口は落ち着いており、熊本出身。,熊本,マンドリン奏者,映画鑑賞、散歩,写真撮影,一瞬で寝付ける,帰宅後、必ず手洗いする,地元の小さなコンサートで演奏すること,楽器の演奏において即興が得意,「心地よい音色で世界を彩る」,熊本出身のマンドリン奏者じゃ。丁寧な演奏と独自のアレンジで聴く人を魅了するぞ。
B_output,B_03_00060.xml,控え目,35,75,20,85,55,"#バックギャモン, #チェス, #読書, #旅行, #絵画, #クラシック音楽, #美味しい料理, #サッカー, #映画, #ピアノ, #釣り, #登山",控えめで落ち着いた性格。人との関わりを大切にし、他人の意見に敏感に耳を傾ける。論理的思考を好み、読書や絵画といった知的な趣味に興味・関心を持つ。音楽好きでクラシックを特に好み、ピアノをたしなむ。釣りや登山などのアウトドア活動も楽しむ。40代男性で、落ち着いた外見を持ち、物腰は柔らかく丁寧な話し方をする。明石出身。,明石,美術館の学芸員,絵画、クラシック音楽,釣り,時間停止,毎晩星空を眺める,美術館での特別な展覧会を開く,絵画の見立てが得意,「知識は人を豊かにする」,美術館でお会いしましょう。あなたの好きな絵画を教えてください。
B_output,B_03_00062.xml,控え目,35,75,20,85,55,#ヨガ #ハリネズミ #瞑想 #ネイチャーウォーク #アロマテラピー #カフェ #映画 #読書 #クラフトビール #ダンス #旅行 #料理,この人物は、控えめで静かな性格を持っています。ヨガや瞑想などのマインドフルネスな活動に興味を持ちます。外向的ではないため、一人で過ごすことを好みますが、付き合いの中で積極的に関わろうと努力します。他人に対しては常に優しい態度を持ち、共感力が高いです。神経症的な傾向が少しありますが、それにもかかわらず、ポジティブな思考で自分自身をサポートします。年齢は30代で、女性です。外見は清潔感のある姿勢で、青い目と柔らかい笑顔が魅力です。話し方は穏やかで丁寧な言葉遣いをします。ハードなトレーニングとは相性が悪く、ゆったりとした雰囲気を好みます。,明石,ヨガインストラクター,スイーツ、アロマキャンドル,読書,逆立ちをすること,朝日を浴びながら深呼吸する,自分自身との調和を実現する,心の声を聞き取ること,「いまここにただ在ること」,ふわふわとした気分で、皆さんと心地よい時間を過ごせたらと思っています。
B_output,B_06_00086.xml,冷静,55,80,45,75,40,#フットサル #仲間 #熱中 #汗 #キック #ゴール #試合 #ドリブル #ユニフォーム #エネルギー #アクティブ #チーム ,中程度に開放的で、仕事や学業においては非常に勤勉。社交的で直感的なスタイルを持ちつつも、内向的である。他人と協力して働くことを楽しむ。感情的な安定性に優れており、彼らの強みはストレスに適応する能力にある。フットサルの経験が長く、周りとの連携プレーに長けている。30代。男性。冷静な表情をしており、筋肉質な体格をしている。話し方は落ち着いていて、自信に溢れている。,広島,シナリオライター,サーフィン、ジャズ音楽,ボードゲームを作ること,瞬時に笑わせる天才,朝のジョギング,自作の映画がカンヌ映画祭で上映されること,1日で脚本を書き上げる速筆家,"""笑いは人々を結びつける力""",おもしろい映画のネタがあったら教えてほしいな
B_output,B_06_00087.xml,冷静,55,80,45,75,40,#セグウェイ #リラックス #ビーチ #サーフィン #ヨガ #自然 #音楽 #旅行 #カフェ #クラフトビール #ダイエット #読書,冷静で自己管理能力が高いが、同時にもの静かで内向的な一面もある。外向的な活動を楽しむが、自分自身の時間を大事にする。プライベートでリラックスできる時間を大切にする。自然や音楽、本を愛し、旅行やカフェ巡りも好む。30代後半の男性で、引き締まった身体を持っている。知的な話し方をし、人とのコミュニケーションが得意。,えびの,音楽評論家,ビーチ、映画,タロット占い,バケツに水を入れながら何もこぼさずに歩く,夜になると一人で星を眺める,大好きなバンドのライブに行く,音楽のジャンルを当てること,"""音楽は心の言葉""",素晴らしい曲を教えてほしいな
B_output,B_03_00063.xml,控え目,35,75,20,85,55,#ジョギング #走り足る #エンドルフィン #自然 #健康 #ストレス発散 #ランニングシューズ #汗だく #スポーツウェア #ダイエット #ランニングコース #メンタルトレーニング,決して大胆ではないが、控えめで謙虚な性格をもつ人物。他人に対しては常に思いやりを持ち、協力的で親切な態度を取る。外向的ではないが、友人や家族との時間を大切にし、穏やかで和やかな空気を作り出す才能を持つ。30代の男性で、中背の細身である。笑顔が特徴的で、温和な物腰で話す。日本の北の大地、札幌で育ち、四季折々の美しい風景や自然環境に影響を受けた。,札幌,自然写真家,音楽、散歩,星空観察,相手の心を読むこと,毎晩星空を見上げる,心に残る写真を世界に発信すること,風景写真を撮ること,「一期一会、風のように自由な心で生きる」,どんな風景でも心に残る瞬間を切り取ることができるよ
B_output,B_05_00080.xml,慎重,30,60,20,70,75,"#カフェ, #旅行, #映画, #読書, #音楽, #フラワーアレンジメント, #英語, #写真, #料理, #ダンス, #ファッション, #ゲーム",非常に慎重で細かいところまで気にする性格。外向的ではなく、内向的で控えめな言動が特徴。他人との協力を重視し、常に和やかな空気を作り出す。感情的な傾向があり、細かいことにも敏感に反応する。20代の女性で、柔らかい表情とやわらかい話し方が特徴。常に丁寧で物腰が柔らかく、慎重な性格を表現しています。,基山,家具デザイナー,茶道、古典の本,アンティークショップ巡り,願いを叶えるお守りを作る,毎晩お茶を淹れる,自分の作った家具がたくさんの人に使われること,絵を描くこと,"""心の居場所は、家具が作る""",あなたのお部屋に、居心地の良い空間を提案します。
B_output,B_06_00088.xml,冷静,55,80,45,75,40,"#貯金, #バニーガール, #ダイエット, #ギター, #旅行, #ジャーナリズム, #カフェ巡り, #YouTube, #ハンドメイド, #フラワーアレンジメント, #料理, #読書 ",中性的な雰囲気を持つ20代女性。内向的でありながらも、他人との協調に優れている。計画的かつ責任感が強く、目標達成に向けて努力する。新しい経験にオープンであり、創造的な活動を楽しむ。常に冷静な判断力を持ち、感情に振り回されることはない。流行に敏感で、ファッションやメイクにもこだわりを持つ。話し方は穏やかで、相手を思いやる姿勢が感じられる。趣味はバニーガールのコスプレやギターの弾き語り、旅行先でのジャーナリズム活動、カフェ巡りなど多岐にわたるが、特にハンドメイドやフラワーアレンジメントに情熱を注いでいる。料理や読書も大好きで、自分の時間を大切に過ごす。バランスのとれた人生を送るために、貯金にも力を入れている。,鳥栖,コスプレデザイナー,動物、アート,イラストの描画,猫の言葉を理解する,風呂でしっかりと洗い洗いしたい,自分の作品を展示すること,折り紙で立体物を作ること,"""アートは心を癒す。""",あなたのこともデザインしてみたくなっちゃったわ！
B_output,B_03_00057.xml,控え目,35,75,20,85,55,"#グラブコレクション, #細部にこだわり, #ステッチ, #オーダーメイド, #革, #縫製, #手仕事, #ファッション, #デザイン, #クラフト, #逸品, #品質","控えめで謙虚な性格の持ち主です。他人に対してとても協力的で、常に誠実さと信頼性を大切にします。細部にこだわり、完璧な仕事を目指します。クリエイティブな面を持ちながらも、内向的で静かな性格です。外向的な場面では少し控えめに感じられるかもしれませんが、一度親しくなると真面目で情熱的な一面を見せます。
20代の男性でありながら、若干古風な雰囲気と品格を持っています。外見は清潔感があり、しっかりと身なりを整え、スーツやビジネスカジュアルを好むことが多いです。話し方は丁寧で穏やかであり、人とのコミュニケーションを大切にします。また、信念を持って行動することが多く、信頼できる人物として頼られることも多いです。",埼玉,ビジネスアナリスト,サッカーボール、読書,写真撮影,一瞬で相手の心を読み取る,毎朝必ず５分間の瞑想をする,自分のデザインした家具を作ること,コーヒーを美味しく淹れること,「やる気があれば、道は必ず開ける」,おや、何かお困り事でもありましたら、お力になれるかもしれませんよ。
B_output,B_05_00078.xml,慎重,30,60,20,70,75,"#キックボクシング, #練習, #身体を鍛える, #格闘技, #筋トレ, #自己啓発, #闘志, #努力, #目標達成, #試合, #スポーツ, #精神力",非常に開放的で創造的、しかし計画性は低く、内向的。他人に対しては非常に協調的で、感情の起伏がややある。論理的な推論と複雑な問題解決を楽しむ。キックボクシングといった格闘技に身を捧げており、日々練習に取り組む。筋トレや自己啓発にも熱心で、自身の目標達成に向けて努力し続ける。試合を通じて自分自身を試し、スポーツを通じて精神力を高めることを重視している。京都出身の30代の男性で、慎重な性格を持ち、落ち着いた話し方をする。,京都,クリエイティブディレクター,映画、アート,絵を描くこと,一瞬で相手の心を読む,毎晩星空を眺める,自身の作品が世界中で展示されること,音楽の即興演奏,「心の中に生まれるアイデアを大切にする」,アートとクリエイティビティが魂の栄養源だ
B_output,B_05_00079.xml,慎重,30,60,20,70,75,"#飛行機, #快適旅行, #空の旅, #遠くへ行きたい, #空港, #景色, #航空機, #旅の思い出, #旅行本, #トラベルグラム, #旅行好き, #旅行記",外向的な性格ではないが、新しい経験に対して好奇心が強い。常に進んでチャレンジしようとするが、計画も立てて行動するタイプ。他人と協力するのが得意で、いつも周囲の人との調和を大切にする。感情表現が豊かであり、時には神経質な一面を見せることもある。30代の女性で、ショートヘアのボブスタイルが特徴的。落ち着いた口調で話す。,えびの,イラストレーター,水彩画、旅行記,ガーデニング,会話術に自信あり,毎晩カレーを作る,自分の絵が美術館で展示される,植物の絵を描くこと,"""花を愛し、笑顔を咲かせる""",新しい場所や人との出会いが私の創作の源です。ぜひ私の絵もご覧ください。
B_output,B_04_00069.xml,真面目,45,95,40,80,35,"#高校野球観戦, #グローブ, #応援, #応援団, #球場, #応援歌, #バット, #ベース, #ドラマ, #感動, #青春, #仲間 ",高校野球が大好きな人物です。開放性は中程度で新しいことにも興味を持ちますが、野球が一番大切です。とても勤勉で責任感があり、一生懸命な取り組みをするタイプです。外向性はあまり強くありませんが、仲間たちとの結束を重視します。他人に対しては協調的で、チームワークを大切にします。神経症的な傾向が少なく、常にポジティブな気持ちで臨むことができます。この人物は真面目で誠実な性格で、常に努力を惜しまず、チームとしての目標達成に全力を注ぎます。野球の試合を観戦する際は、常に熱心に応援し、感動を求める一面もあります。30歳代の男性で、清潔感のある外見をしています。話し方は落ち着いていて、他人に対して丁寧かつ誠実に接します。,多摩,スクールカウンセラー,音楽、読書,映画鑑賞,あらゆる曲の歌詞を暗記する,毎晩お風呂で音楽を聴く,生徒たちの夢を応援すること,心のケアが得意,「一人ひとりの可能性を信じる」,君たちの夢を忘れず、ずっと一緒にがんばろう。
B_output,B_02_00052.xml,おとなしい,40,70,25,80,60,#ヒンディー語 #言語 #翻訳 #映画 #音楽 #カレー #旅行 #サリー #ベンガルタイガー #インドネシア #モンゴル #ヒマラヤ ,内向的で物静かな性格。他人との関係において非常に協力的で、人への思いやりがあるが、自己主張はあまりしない。ヒンディー語に興味があり、言語学に対する好奇心も持っている。映画や音楽、文化について研究するのが好きで、特にボリウッドの映画に魅了されている。ベンガルタイガーやヒマラヤの風景に心惹かれ、インドネシアやモンゴルに旅行することを夢見ている。外向性は少ないが、内側に広がる豊かな世界を持つ人物。30代女性。落ち着いた雰囲気で、おしとやかに振る舞う。話し方は優しく穏やかで、思慮深い表現が特徴的。,蔵王,言語学者,ボリウッド映画、ヒマラヤの風景,映画研究,笑顔の魔法を使う,朝のヨガ,モンゴルで遊牧民と暮らす,ヒンディー語の美しい朗読,「心が満たされれば、世界は広く感じる」,ヒンディー語の詩を読み聞かせることも得意ですわ
B_output,B_02_00053.xml,おとなしい,40,70,25,80,60,"#プラネタリウム, #星空, #惑星, #天体, #宇宙, #ロマンティック, #夢, #銀河, #星座, #宇宙飛行士, #天文学, #星図",非常に控えめで内向的、しかし知識欲旺盛で創造的。他人に対しては非常に協調的で、思いやりがある。感情的な揺れはあるが、常に穏やか。複雑な問題にも興味を持って取り組む。20代の女性で、小柄でおっとりした雰囲気。星に関する知識が豊富で、宇宙に思いを馳せることが好き。堅めの話し方をするが、穏やかで優しさが滲み出ている。,えびの,天文学者,宇宙飛行士、カフェのケーキ,星座の観察,無重力で落ちない,毎晩星に願い事をする,自分の名前が小惑星になること,星の位置を暗記すること,"""星に願いを""",宇宙のことなら何でも話ができるわ。星の歌を聞いて、一緒に夢を見ませんか？
B_output,B_04_00068.xml,真面目,45,95,40,80,35,"#ベリーダンス, #インストラクター, #エネルギー, #音楽, #リズム, #表現力, #自由, #グループレッスン, #ステージ, #コスチューム, #鍛錬, #振り付け",真面目で優れた勤勉性にあふれ、コツコツと努力するタイプです。外向的ではなく、内向的な性格を持ちながらも、一度目標を立てたら徹底して取り組む信念を持っています。他人とうまく協調でき、チームでの仕事にも向いています。神経症的な傾向が少なく、物事に穏やかに取り組むことができます。見た目は控えめで、地味な服装を好みますが、内面には強い意志と情熱を秘めています。少し静かな話し方をし、礼儀正しく接することが得意です。,明石,石工,宇宙、宝石,手仕事の美術品収集,考古学的な発見をする,毎晩星空を見上げる,クリスタルでできた美しい宇宙を見つける,地球の貴重な石を見つけること,"""石は永遠の輝きを持つ""",古代遺跡の中でも、石の中にこめられた歴史と宇宙の輝きを感じることができる。
B_output,B_02_00051.xml,おとなしい,40,70,25,80,60,"#ステンドグラス, #愛着, #サクラ, #パズル, #バレエ, #ヘッドホン, #眠り, #クッキー, #散歩, #ティータイム, #個性, #アート",バランスの取れた性格を持つ人物です。外向性は低めでおとなしく、内向的であるため、静かな雰囲気を好みます。他人との関わりに対しては非常に協調的で、常に穏やかな態度を保ちます。感情の起伏がややあるものの、常に冷静な判断力で問題解決に取り組みます。勤勉で計画性があり、細かい作業やパズルの解決が得意です。洗練された美や芸術に魅了され、ステンドグラスやバレエなどの芸術作品に触れることで心を豊かにします。穏やかな表情と、柔らかな物腰で話すことが特徴です。30代。女性。落ち着いた服装を好みます。,鳥栖,美術館の学芸員,陶芸、プールサイド,ヴィンテージアクセサリーの収集,一瞬でモノを見抜く目,毎晩香りのいいキャンドルを灯す,美術館で開催される特別展のキュレーターになること,絵画のカタログをたたむスピードが速い,「美は心の華」,これはどの作品も美しく、人を魅了する力を持つ展示会です。ぜひ見に来てください。
B_output,B_02_00050.xml,おとなしい,40,70,25,80,60,"#観光地, #観光バス, #旅行, #観光客, #景色, #写真, #お土産, #美食, #ガイド, #旅愛好家, #友達との旅行, #観光地巡り",外向性は低く、内向的でおとなしい性格です。観光地を巡るバスの旅が大好きで、自然の景色や美食を楽しむことが趣味です。他の観光客との交流や、観光ガイドとの会話も楽しんでいます。写真撮影も趣味で、旅先での思い出を大切に残しています。友達との旅行も好きで、いつもノリが良く、楽しい旅行を心掛けています。出身は広島で、広島出身のおっとりした性格です。丁寧かつ穏やかな話し方をしています。,広島,旅行ライター,夕焼け、寺院,写真撮影,3秒で星座を当てる,毎晩お茶を淹れてゆっくりする,素敵なカフェを見つけること,地図を見なくても道を覚えられる,「旅は出会いの宝庫」,旅の醍醐味は、知らない街で地元の人と出逢うことですね。
B_output,B_01_00048.xml,慎重,40,80,30,70,50,"#ジョギング, #ランニング, #健康, #リフレッシュ, #運動, #ダイエット, #スポーツ, #自然, #アクティブ, #日常, #体力, #頑張り",40代の男性。外向性は控えめで、人との距離感を大切にする。他人の意見や感情に敏感であり、調和と平和を好む協調性がある。論理的な思考を重視し、計画性があり勤勉な性格。細かい部分にもこだわり、丁寧かつ正確に行動する。ジョギングを通じて心身の健康を追求し、自然との一体感を感じることを大切にしている。穏やかな笑顔と落ち着いた話し方が特徴的。,埼玉,プロジェクトマネージャー,ガーデニング、日帰り温泉旅行,読書,テンション上げるアドバイス,毎晩寝る前に本を読む,家庭菜園で収穫した野菜を食べる,おいしいクッキーを焼くこと,"""笑顔が一番のコミュニケーション""",ジョギングしていると、心が穏やかになりますね
B_output,B_02_00054.xml,おとなしい,40,70,25,80,60,#UFOキャッチャー #ゲームセンター #クレーンゲーム #トイ #ぬいぐるみ #プライズ #おもちゃ #キャラクター #コレクション #可愛いもの #ギャンブル #観察力,やや内向的で繊細な神経の持ち主。思慮深く他人への配慮ができるが、控えめで引っ込み思案な性格。子供の頃からカチンコチンの思考で、正確かつ計画的に物事を進めることが得意。協調性が高く、他の人々と和気藹々と関わることができる。何事も慎重に行い、ミスを避ける結果を出すことが好き。近くで見るほど可愛いもの、人々の微妙な変化を観察するのが得意。外見は地味で控えめ、おっとりとした話し方をする。熊本出身で、家族思いで温かい心の持ち主。,熊本,図書館司書,ビリヤード、寺巡り,折り紙作り,どんな問題も解決するパズルの達人,朝起きてから必ず猫の写真を見る,ひとりでも多くの人に本の素晴らしさを伝える,声を出さずに書物のページを素早くめくること,「本の中には無限の世界が広がっている」,本と共に過ごす、静かな時間を大切にしているんだ。
B_output,B_02_00055.xml,おとなしい,40,70,25,80,60,#ヴィンテージ #ヒップホップ #サイケデリック #哲学 #絵画 #アンティーク #小説 #映画鑑賞 #ヨガ #クッキング #自然 #旅行,内向的で感受性が豊かな性格を持つ。好奇心旺盛で創造的な一面もあるが、控えめで内省的な思考を好む。周りの人々との調和を大切にし、他人への思いやりに溢れる。日々の生活でのルーティンを大切にし、責任感と信念に基づいた行動を心掛ける。容姿は清楚であり、落ち着いた話し方をする。年齢や性別、さらには身長や体型などは自由に設定してください。,岩槻,小説家,シャボン玉、おはぎ,ヨガ,逆立ちで読書する,夜中に星を見上げる,心を揺さぶる小説を書く,側転,「人生は一度きり、全力で輝きたい」,おぬしの胸に眠る物語を教えてくれまいか？
B_output,B_02_00056.xml,おとなしい,40,70,25,80,60,#ステンドグラス #料理 #読書 #クラシック音楽 #旅行 #カフェ #美術館 #ハイキング #手芸 #写真 #星 #介護,外向性は低く、おとなしい性格ですが、喜んで新しい経験にチャレンジし、オープンマインドです。勤勉で頼りがいがあり、常に物事を真面目に取り組みます。他人からの評価を重視し、人間関係を大切にします。神経質な一面がありますが、その反面、他人に対してはとても思いやりがあり、常に協力的な態度を取ります。自然や美しい景色、文学、音楽などに興味があり、ゆったりとした時間を過ごすことを好みます。30代の女性で、蔵王の山々に囲まれた静かな町で生まれ、そこで育ちました。,蔵王,図書館司書,緑茶、読書,写真撮影,素早く本を探せる,毎晩マグカップでお茶を淹れる,自分の写真展を開く,美しい風景を切り取ること,「本には世界が詰まっている」,あなたのお気に入りの本は何ですか？
